item_code;cluster
10000001001;3
10000002001;5
10000003001;4
10000004001;7
10000005001;5
10000007001;5
10000008001;3
10000010001;7
10000011001;5
10000012001;4
10000022001;8
10000023001;3
10000027001;7
10000998001;7
10001001001;6
10001004001;4
10001005001;4
10001006001;5
10001007001;8
10001008001;6
10001009001;5
10001010001;2
10001012001;5
10001015001;6
10001020001;4
10001022001;7
10001025001;5
10001035001;6
10002001001;5
10002003001;4
10002005001;5
10002007001;4
10002008001;5
10002009001;5
10002011001;2
10002012001;9
10002013001;2
10002014001;4
10002017001;4
10002018001;5
10002019001;5
10002021001;5
10002025001;6
10002026001;1
10002035001;6
10002037001;1
10002038001;1
10002039001;1
10002040001;8
10002045001;7
10002046001;7
10002051001;1
10002069001;8
10002071001;7
10002072001;3
10002073001;9
10002074001;8
10002078001;2
10002102001;5
10002899001;2
10002906001;6
10002911001;1
10002916001;3
10002918001;1
10002919001;10
10002942001;7
10002943001;4
10002944001;4
10010001001;1
10010002001;5
10010004001;5
10010007001;1
10010009001;3
10010012001;3
10010018001;10
10010019001;9
10010026001;7
10010027001;1
10010035001;5
10010042001;8
10010043001;8
10011001001;5
10011003001;4
10011004001;3
10011007001;2
10011016001;5
10011021001;6
10011023001;4
10011028001;3
10012002001;2
10012004001;7
10012006001;7
10012009001;1
10012899001;4
10013003001;5
10013004001;1
10013005001;5
10013007001;10
10013011001;2
10013012001;4
10014005001;1
10014006001;1
10014009001;4
10014018001;1
10014020001;7
10014023001;5
10014024001;3
10014027001;1
10014028001;5
10014029001;8
10014030001;3
10014032001;4
10014033001;5
10014037001;2
10014043001;1
10014051001;4
10014055001;1
10014062001;1
10014067001;10
10014069001;1
10014073001;2
10014075001;1
10014080001;8
10014081001;1
10014090001;5
10014092001;8
10014097001;1
10014103001;1
10014106001;3
10014110001;1
10014111001;3
10014113001;4
10014116001;10
10014126001;9
10014130001;8
10014898001;10
10015007001;5
10015011001;4
10016002001;3
10016006001;1
10016011001;8
10016014001;8
10016015001;4
10016018001;1
10016020001;6
10020002001;7
10020003001;3
10020004001;6
10020006001;1
10020007001;5
10020011001;7
10020012001;8
10020015001;6
10020016001;8
10020017001;1
10020018001;5
10020019001;8
10020024001;6
10020025001;8
10020027001;4
10020028001;2
10020033001;7
10020034001;9
10020036001;8
10020037001;2
10020041001;4
10020042001;9
10020046001;3
10020093001;1
10020094001;3
10021001001;5
10021005001;10
10021006001;5
10021007001;7
10021008001;5
10021009001;4
10021010001;6
10021015001;6
10021016001;5
10021017001;7
10021018001;8
10021021001;7
10021022001;8
10021023001;2
10021025001;5
10021026001;4
10021027001;5
10021034001;6
10021035001;5
10021040001;3
10022003001;1
10022006001;10
10022008001;9
10022011001;3
10022012001;3
10022014001;3
10022015001;2
10022016001;2
10022020001;3
10022024001;2
10022030001;4
10022908001;2
10022910001;1
10022915001;1
10022916001;2
10023002001;1
10023004001;1
10023005001;2
10023008001;1
10023011001;1
10023017001;2
10023020001;8
10023023001;1
10023025001;1
10023027001;3
10023031001;1
10023032001;1
10023035001;8
10023044001;1
10023049001;1
10023051001;1
10023054001;1
10023055001;1
10023058001;1
10023063001;2
10023066001;1
10023068001;1
10023073001;1
10023075001;1
10023078001;1
10023083001;1
10023087001;1
10023093001;1
10023100001;1
10023102001;1
10023103001;1
10023104001;1
10023106001;3
10023110001;1
10023114001;1
10023124001;1
10023892001;2
10023998001;1
10024001001;3
10024003001;3
10024004001;6
10024005001;2
10024006001;1
10024007001;4
10024011001;6
10024014001;8
10030001001;2
10030005001;6
10030007001;5
10030008001;4
10030013001;5
10030014001;4
10030015001;7
10030017001;10
10030018001;7
10030019001;6
10030020001;2
10030021001;8
10030022001;6
10030046001;7
10030048001;5
10030049001;7
10031001001;5
10031003001;2
10031004001;7
10031007001;4
10031011001;6
10031012001;6
10031013001;5
10031015001;2
10031017001;5
10031019001;7
10031023001;8
10031026001;8
10031031001;5
10031033001;5
10031899001;1
10031901001;7
10031909001;1
10031910001;5
10031911001;4
10031916001;6
10032001001;6
10032004001;2
10032006001;5
10032007001;1
10032008001;5
10032011001;4
10032013001;5
10032014001;9
10032015001;6
10032019001;5
10032020001;7
10032023001;10
10032046001;4
10032047001;5
10032048001;10
10032055001;4
10032059001;10
10032064001;4
10033001001;6
10033004001;5
10033010001;7
10033012001;8
10033013001;5
10033014001;7
10033015001;5
10033018001;5
10033020001;7
10033022001;1
10033023001;2
10033026001;6
10033028001;4
10033029001;3
10033031001;10
10033033001;2
10033034001;7
10033038001;6
10033041001;5
10033044001;7
10033053001;7
10033056001;4
10033057001;5
10033062001;1
10033064001;5
10033065001;7
10033068001;5
10033070001;5
10033075001;6
10034002001;3
10034003001;5
10034007001;8
10034011001;5
10034013001;10
10034015001;3
10034016001;7
10034020001;4
10034022001;2
10034023001;8
10034025001;5
10034026001;8
10034031001;2
10034033001;8
10034041001;2
10034042001;5
10034044001;1
10034046001;3
10034049001;1
10034050001;7
10034057001;1
10034999001;5
10035001001;6
10035002001;6
10035003001;8
10035006001;4
10035011001;3
10035012001;4
10035013001;6
10035015001;5
10035021001;5
10035027001;1
10035028001;4
10035034001;5
10035035001;5
10035036001;8
10035041001;1
10035046001;1
10040001001;2
10040002001;7
10040003001;5
10040004001;7
10040005001;5
10040008001;4
10040009001;7
10040010001;4
10040011001;6
10040014001;2
10040015001;1
10040016001;6
10040017001;1
10040018001;7
10040019001;6
10040020001;4
10040021001;3
10040022001;7
10040023001;5
10040024001;1
10040025001;7
10040026001;7
10040027001;7
10040028001;3
10040031001;1
10040032001;4
10040033001;6
10040034001;3
10040035001;3
10040037001;8
10040038001;8
10040039001;7
10040040001;6
10040041001;4
10040042001;8
10040044001;2
10040048001;10
10040049001;7
10040050001;8
10040056001;3
10040062001;5
10040063001;5
10040066001;4
10040071001;8
10040078001;1
10040079001;8
10040081001;7
10040082001;10
10040094001;6
10040111001;7
10041001001;3
10041003001;7
10041004001;7
10041007001;10
10041008001;10
10041009001;2
10041014001;1
10041016001;1
10041032001;4
10041033001;7
10041034001;9
10041038001;2
10041039001;6
10041040001;7
10041058001;1
10041067001;5
10041069001;1
10041085001;4
10041087001;1
10041899001;10
10051001001;1
10051034001;1
10052004001;1
10052014001;1
10052015001;1
10052017001;3
10052019001;2
10052020001;8
10052024001;2
10052025001;8
10052033001;1
10052035001;3
10052046001;1
10053901001;8
10053903001;1
10053904001;2
10100132001;8
10904008001;1
10904021001;1
10904899001;1
11010001001;1
11010005001;1
11010007001;3
11010012001;1
11010013001;1
11010016001;1
11010018001;1
11010019001;2
11010020001;1
11010021001;1
11010022001;2
11010023001;2
11010025001;1
11010027001;2
11010035001;1
11010038001;1
11010040001;1
11010042001;3
11010043001;2
11010045001;1
11010051001;1
11010052001;1
11010055001;1
11010057001;1
11010059001;1
11010112001;1
11010115001;2
11010116001;2
11020002001;2
11020003001;1
11020008001;1
11020010001;1
11020012001;1
11020013001;1
11021002001;1
11021006001;1
11021013001;2
11021017001;2
11021018001;1
11021023001;1
11021025001;1
11021026001;2
11021028001;1
11021029001;2
11021030001;2
11021047001;2
11021051001;1
11021052001;1
11021060001;2
11021061001;1
11021064001;1
11021071001;8
11021095001;1
11022001001;1
11022002001;1
11022003001;1
11022006001;1
11022007001;3
11022009001;1
11022011001;2
11022012001;2
11022017001;1
11022021001;1
11022024001;2
11022025001;2
11022031001;2
11022032001;2
11022035001;1
11022036001;1
11022044001;1
11022051001;8
11022058001;1
11022059001;1
11022063001;1
11022067001;1
11022077001;1
11022082001;2
11022085001;1
11022087001;1
11023010001;2
11023012001;1
11023015001;1
11030010001;1
11030016001;1
11030018001;1
11030024001;1
11030062001;1
11030066001;2
11030079001;1
11030080001;1
11030094001;1
11030095001;1
11030096001;1
11030097001;1
11030108001;1
11030128001;1
11030183001;1
11030183002;2
11031011001;1
11031022001;1
11031040001;1
11031901001;1
11031907001;1
11031908001;1
11031917001;1
11031918001;1
11032002001;8
11032003001;1
11032006001;1
11032008001;10
11032011001;1
11032015001;1
11032016002;3
11032017001;1
11032018001;2
11032021001;2
11032024001;3
11032026001;1
11032027001;3
11032028001;1
11032031001;1
11032035001;2
11032036001;3
11032037001;8
11032043001;1
11032220001;3
11032221001;2
11040001001;1
11040003001;1
11040004001;1
11040006001;6
11040007001;1
11040008001;1
11040009001;6
11040010001;8
11040011001;1
11040018001;2
11040020001;1
11040023001;1
11040025001;1
11040026001;2
11040027001;1
11040029001;1
11040029002;1
11040030001;8
11040035001;6
11040039001;3
11040040001;2
11040044001;1
11040046001;3
11040047001;1
11040060001;1
11040062001;1
11041002001;2
11041005001;1
11041007001;1
11041009001;1
11041013001;1
11041014001;1
11041017001;2
11041019001;2
11041024001;1
11041027001;2
11041031001;1
11041999001;1
11042001001;1
11042002001;1
11042003001;1
11042005001;2
11042006001;1
11042007001;2
11042008001;2
11042009001;1
11042010001;2
11042011001;2
11042015001;1
11042017001;2
11042020001;1
11042022001;1
11042023001;1
11042027001;1
11042028001;1
11042030001;1
11050002001;1
11050003001;2
11050004001;8
11050005001;2
11050006001;2
11050008001;1
11050009001;1
11050010001;1
11050011001;3
11050017001;8
11050019001;1
11050020001;8
11050022001;1
11050025001;8
11050029001;2
11050031001;2
11050032001;1
11050033001;3
11050035001;8
11050037001;1
11050038001;2
11050039001;2
11050046001;3
11050047001;1
11050049001;2
11050052001;1
11050053001;1
11050055001;1
11050059001;2
11050061001;1
11050062001;1
11050063001;2
11050064001;2
11050068001;1
11050074001;1
11050076001;3
11050077001;10
11050078001;1
11050087001;2
11050088001;1
11050093001;1
11050097001;1
11050098001;2
11050101001;2
11050102001;1
11050103001;1
11050104001;1
11050111001;1
11050123001;2
11050129001;2
11050129002;1
11050131001;2
11050140002;1
11051002001;8
11051003001;1
11051004001;1
11051006001;8
11051007001;2
11051009001;1
11051012001;1
11051013001;3
11051016001;1
11051019001;2
11051023001;1
11051030001;1
11051032001;1
11051037001;2
11051039001;1
11051044001;2
11051056001;1
11051999001;1
11061001001;1
11061005001;1
11061008001;1
11061011001;2
11061015001;1
11061016001;1
11061023001;2
11061024001;1
11061027001;1
11061028001;1
11061030001;1
11061031001;1
11061049001;1
11061050001;1
11061051001;1
11061052001;1
11061053001;1
11061054001;1
11061055001;1
11061070001;2
11061071001;8
11062004001;1
11062015001;2
11062019001;1
11062023001;2
11062025001;2
11070001001;8
11070003001;3
11070004001;8
11070006001;1
11070007001;8
11070011001;2
11070012001;1
11070013001;2
11070014001;2
11070015001;1
11070016001;2
11070018001;1
11070019001;1
11070027001;1
11070029001;2
11070030001;1
11070034001;1
11070037001;1
11070040001;1
11070042001;1
11070045001;2
11070046001;1
11070050001;1
11070051001;1
11070054001;1
11070062001;1
11070063001;1
11071001001;3
11071002001;2
11071004001;1
11071005001;2
11071008001;2
11071009001;3
11071011001;1
11071012001;1
11071013001;1
11071014001;1
11071018001;2
11071032001;1
11071033001;2
11071034001;2
11071035001;1
11071898001;3
11071902001;1
11071909001;1
11071911001;1
11071916001;3
11072001001;8
11072004001;1
11072005001;1
11072008001;1
11072011001;1
11072012002;1
11072013001;1
11072017001;1
11072019001;1
11072036001;1
11072897001;1
11072902001;1
11072903001;1
11072905001;1
11072906001;1
11073001001;1
11073002001;1
11073006001;2
11073012001;1
11073025001;1
11073032001;1
11073039001;1
11073899001;1
11073900001;1
11073901001;1
11073902001;3
11073905001;1
11073907001;2
11074001001;1
11074003001;8
11074007001;1
11074012001;1
11074015001;8
11074019001;1
11074020001;2
11074022001;1
11074027001;1
11074031001;2
11074046001;1
11074047001;1
11074048001;2
11074059001;1
11074060004;2
11075001001;2
11075002001;1
11075003001;2
11075004001;2
11075006001;1
11075039001;1
11076883001;1
11076886001;1
11076890001;1
11076896001;1
11076928001;1
11100001001;8
11100003001;1
11100005001;2
11100007001;1
11100008001;8
11100010001;1
11100011001;3
11100015001;2
11100017001;2
11100018001;2
11100019001;1
11100021001;1
11100107001;1
11100108001;1
11100112001;2
11101002001;1
11101013001;1
11101014001;8
11101021001;1
11101023001;1
11101028001;8
11101029001;3
11101034001;1
11101036001;3
11101038001;1
11101039001;2
11101044001;1
11101055001;8
11102002001;8
11102003001;1
11102004001;1
11102007001;1
11102012001;1
11102013001;1
11102014001;1
11102017001;1
11102043001;1
11103001001;1
11103002001;1
11103005001;2
11103007001;8
11103008001;1
11103011003;1
11103011004;1
11103015001;8
11103018001;2
11103019001;9
11103021001;7
11103022001;7
11103023001;2
11103027001;2
11103031001;1
11103035001;3
11103039001;1
11103040001;1
11103045001;1
11103046001;3
11103047001;1
11103051001;8
11103052001;1
11103054001;2
11103058001;3
11103062001;2
11103065001;1
11103067001;2
11103068001;1
11103069001;3
11103070001;6
11103074001;1
11103076001;3
11103078001;1
11103084001;1
11103085001;2
11103086002;1
11103088001;2
11103090001;6
11103092001;1
11103094001;8
11103096001;3
11103098001;8
11103099001;1
11103100001;1
11103102001;1
11103105001;1
11103106001;3
11103108001;1
11103110001;1
11103111001;2
11103112001;1
11103113001;1
11103114001;3
11103115001;1
11103118001;1
11103123001;1
11103128001;1
11103132001;1
11103133001;3
11103134001;8
11103135001;3
11103136001;7
11103137001;8
11103155001;1
11103156001;2
11103157001;1
11103158001;3
11103176001;8
11103187001;1
11103188001;1
11103188002;1
11103191001;1
11103196001;1
11103206001;1
11103211001;1
11103212001;1
11103220001;2
11103224001;1
11103233001;1
11103244001;1
11103256001;1
11103262001;1
11103270001;2
11103283001;1
11103289001;2
11103296001;1
11103313001;1
11103314001;1
11103317001;10
11103321001;1
11103321002;1
11103322001;1
11103323001;1
11103346001;1
11103350001;1
11103354001;1
11103361001;1
11103365001;1
11103370001;1
11103375001;8
11103377001;1
11103380001;1
11103884001;1
11103884003;1
11104001001;1
11104005001;2
11104006001;2
11110006001;3
11110007001;8
11110013001;1
11110014001;1
11110016001;1
11110018001;1
11110026001;1
11110028001;1
11110029001;2
11110032001;1
11110065001;1
11110066001;2
11110077003;2
11110078001;1
11110082001;2
11110083001;1
11110085001;3
11110086001;1
11110087001;1
11110088001;1
11110090001;2
11110091001;2
11110093001;2
11110094001;2
11110095001;2
11111004001;2
11111007001;2
11111008001;1
11111011001;8
11111012001;2
11111013001;2
11111015001;2
11111017001;6
11111019001;3
11111021001;8
11111022001;3
11111023001;1
11111025001;3
11111030001;2
11111033001;10
11111037001;1
11111050001;10
11112001001;1
11112004001;1
11112005001;1
11112007001;1
11112008001;1
11112017001;1
11112036001;1
12000011001;1
12000015001;1
12000016001;1
12000020001;1
12000042001;1
12000044001;1
12000045001;2
12000057001;1
12000059001;3
12000067001;1
12000075001;1
12000076001;1
12000080001;1
12000081001;2
12000089001;2
12000097001;1
12000101001;1
12000108001;1
12000125001;2
12000128001;1
12000129001;1
12000135001;1
12000149001;1
12000150001;1
12000152001;2
12000163001;1
12000165001;1
12000169001;1
12000170001;1
12000178001;8
12000179001;8
12000182001;1
12000193001;1
12000196001;1
12000205001;2
12000206001;1
12000207001;1
12000208001;1
12000214001;1
12000217001;1
12000220001;1
12000221001;1
12000223001;2
12000224001;1
12000225001;1
12000226001;1
12000232001;1
12000241001;1
12000246001;1
12000261001;1
12000270001;1
12000275001;1
12000276001;1
12000285001;1
12000288001;1
12000295001;1
12000309001;1
12000314001;1
12000317001;3
12000319001;1
12000320001;1
12000350001;1
12000359001;2
12000366001;1
12000372001;1
12000374001;1
12000375001;1
12000377001;2
12000381001;1
12000396001;1
12000405001;1
12000425001;1
12000468001;1
12000469001;1
12000485001;1
12000494001;1
12000495001;1
12000497001;1
12000498001;1
12000504001;1
12000505001;1
12001004001;2
12001018001;1
12001019001;1
12001026001;2
12001027001;1
12001029001;1
12001038001;2
12001041001;1
12001049001;3
12001051001;1
12001055001;1
12001058001;1
12001064001;1
12001065001;1
12001067001;1
12001070001;1
12001071001;1
12001076001;1
12001077001;1
12001087001;1
12001092001;1
12001093001;1
12001112001;2
12001999001;1
12002009001;1
12002013001;2
12002018001;1
12002023001;3
12002026001;1
12002036001;1
12002037001;1
12002042001;1
12002044001;1
12002052001;1
12002062001;1
12002084001;1
12002090001;1
12002096001;1
12002100001;1
12002104001;1
12002105001;1
12002106001;1
12002107001;1
12002114001;1
12002118001;1
12002119001;1
12002124001;1
12002158001;1
12002159001;1
12002948001;1
12002949001;1
12003006001;1
12003031001;1
12003046001;1
12003058001;1
12003064001;1
12003069001;1
12003073001;1
12003084001;1
12003086001;1
12003090001;1
12003104001;1
12003111001;1
12003113001;1
12003115001;1
12003134001;1
12003135001;1
12003911001;1
12004016001;1
12004020001;1
12004063001;1
12005003001;1
12005003002;1
12005003003;1
12005003004;1
12005003005;1
12005007001;1
12005009007;1
12005015001;1
12005015002;1
12005015003;1
12005015004;1
12005015006;1
12005015007;1
12005015008;1
12005015010;1
12005019001;1
12005019002;1
12005019003;1
12005019005;1
12005019006;1
12005019008;1
12005056001;2
12005056002;1
12005056003;1
12005056004;1
12005072003;1
12005072005;1
12005082002;1
12005082003;1
12005082004;1
12005082006;1
12005082008;1
12005082010;1
12005082011;1
12005082013;1
12005083002;1
12005084001;1
12005084002;1
12005084004;1
12005084005;1
12005084006;1
12005084007;1
12005084008;1
12005084009;1
12005089004;1
12005093001;2
12005093002;1
12005093004;2
12005093005;2
12005093007;1
12005093008;1
12005093010;1
12005107001;1
12005107006;1
12005108001;1
12005108003;1
12005109003;1
12006020001;1
12006048001;1
12006067001;1
12006135001;1
12006144001;1
12010001001;2
12010003001;1
12010009001;1
12010010001;1
12010013001;2
12010020001;3
12010022001;3
12010023001;1
12010034001;1
12010036001;3
12010037001;3
12010040001;1
12010041001;2
12010042001;3
12010049001;2
12010051001;1
12010052001;1
12010053001;2
12010054001;1
12010055001;2
12010056001;1
12010058001;1
12010059001;10
12010060001;1
12010065001;2
12010067001;1
12010068001;2
12010071001;1
12010074001;2
12010077001;1
12010079001;2
12010080001;8
12010084001;1
12010106001;2
12010107001;2
12010110001;8
12010113001;2
12010118001;1
12010119001;1
12010123001;1
12010124001;1
12010137001;3
12010144001;3
12010145001;1
12010147001;1
12010149001;1
12010153001;1
12010156001;1
12010161001;1
12010163001;1
12010171001;1
12010172001;1
12010173001;2
12010175001;1
12010176001;1
12010180001;1
12010192001;2
12010193001;1
12010198001;3
12010200001;1
12010206001;1
12010214001;1
12010227001;1
12010228001;1
12010234001;3
12010243001;1
12010261001;1
12010263001;1
12011003001;2
12011005001;2
12011018001;1
12011022001;2
12011033001;8
12011034001;1
12011038001;1
12011042001;1
12011044001;1
12011047001;1
12011050001;1
12011051001;1
12011056001;3
12011060001;1
12011061001;1
12011062001;2
12011065001;2
12011068001;2
12011069001;1
12011074001;1
12011075001;3
12011084001;2
12011088001;1
12011092001;1
12011096001;1
12011100001;1
12011101001;1
12011102001;1
12011103001;2
12011109001;2
12011111001;1
12011117001;2
12011118001;1
12011120001;1
12011131001;1
12011133001;1
12011134001;1
12011136001;2
12011139001;1
12011140001;1
12011142001;1
12011144001;2
12011150001;2
12011152001;1
12011153001;1
12011154001;1
12011158002;1
12011159001;3
12011163001;2
12011168001;8
12011169001;2
12011171001;1
12011172001;2
12011173001;1
12011174001;1
12011177001;1
12011178001;1
12011179001;1
12011182001;1
12011184001;1
12011186001;1
12011189001;2
12011196001;1
12011199001;2
12011204001;1
12011210001;2
12011213001;1
12011215001;1
12011216001;1
12011220001;1
12011221001;1
12011226001;1
12011230001;1
12011231001;1
12011235001;1
12011237001;2
12011240001;1
12011243001;1
12011244001;1
12011247001;1
12011251001;1
12011252001;2
12011254001;3
12011255001;2
12011257001;1
12011262001;1
12011263001;1
12011264001;1
12011265001;1
12011267001;1
12011268001;2
12011275001;2
12011276001;1
12011277001;3
12011291001;1
12011293001;1
12011299001;2
12011304001;1
12011308001;1
12011310001;1
12011322001;1
12011329001;1
12011333001;2
12011334001;2
12011335001;1
12011337001;1
12011338001;1
12011339001;1
12011341001;1
12011342001;1
12011345001;1
12011347001;2
12011349001;2
12011351001;1
12011354001;2
12011355001;1
12011357001;1
12011358001;1
12011360001;1
12011362001;1
12011365001;2
12011367001;2
12011373001;1
12011374001;2
12011376001;1
12011378001;1
12011386001;1
12011398001;2
12011400001;2
12011402001;1
12011403001;1
12011409001;2
12011417001;1
12011433001;1
12011439001;1
12011451001;1
12011466001;1
12011473001;2
12011477001;1
12011479001;1
12011489001;1
12011999001;1
12012003001;1
12012012001;1
12012014001;1
12012022001;1
12012045001;1
12012048001;1
12012072001;1
12012098001;1
12012118001;1
12012119001;1
12012120001;1
12012164001;1
12012165001;1
12012168001;1
12012169001;1
12012170001;1
12012171001;1
12012196001;2
12012928001;1
12012969001;1
12012984001;1
12013034001;1
12014004001;1
12014022001;1
12014025001;1
12014032001;1
12014035001;1
12016005001;1
12016035001;1
12016042001;1
12016077001;1
12016078001;1
12016079001;1
12016099001;1
12016106001;2
12016111001;1
12016114001;1
12016139001;1
12017009001;1
12017016001;1
12017017001;1
12017018001;1
12017019001;1
12017039001;1
12017040001;1
12020003001;1
12020005001;1
12020008001;1
12020020001;1
12020021001;1
12020026001;1
12020028001;2
12020032003;1
12020035001;2
12020036001;2
12020045001;1
12020046001;1
12020050001;1
12020051001;1
12020057001;1
12020068001;3
12020070001;1
12020078001;1
12020089001;1
12020090001;1
12020093001;1
12020101001;1
12020133001;1
12020138001;1
12020141001;2
12020147001;1
12020148001;1
12020163001;1
12020164001;1
12020165001;2
12020166001;1
12020175001;1
12020189001;1
12020190001;2
12020196001;1
12020203001;1
12020217001;1
12020221001;1
12020222001;1
12020225001;2
12020228001;1
12020232001;3
12020234001;1
12020237001;1
12020240001;1
12020242001;1
12020246001;1
12020249001;1
12020250001;1
12020253001;1
12020260001;1
12020264001;1
12020266001;1
12020271001;1
12020272001;1
12020282001;1
12020283001;1
12020312001;1
12020323001;1
12020324001;1
12020325001;1
12020326001;1
12020341001;1
12020342001;1
12020344001;2
12020362001;1
12020372001;1
12020383001;1
12020384001;1
12020416001;1
12020423001;1
12020425001;1
12020437001;1
12020471001;1
12020473001;3
12020485001;2
12020498001;1
12020901001;1
12020903001;1
12020920001;1
12020923001;1
12020926001;1
12020927001;1
12020956001;1
12020961001;1
12020964001;1
12020965001;1
12020966001;1
12021028001;1
12021042001;1
12021052001;1
12021069001;1
12021094001;1
12021912001;1
12021923001;1
12021969001;1
12021993001;1
12021994001;1
12022005001;1
12022008001;1
12022027001;1
12022030001;1
12022043001;1
12022047001;1
12022062001;1
12022096001;2
12022100001;1
12022109001;1
12022127001;1
12022128001;1
12022153001;1
12022184001;1
12022224001;1
12022275001;1
12023020001;1
12023022001;1
12023079001;1
12023093001;1
12023125001;1
12023195001;1
12023199001;1
12023202001;1
12023217001;1
12023227001;1
12023263001;1
12023278001;1
12023463001;1
12031016001;1
12032035001;1
12032072001;1
12032121001;1
12032224001;1
12032227001;1
12032540001;1
12032541001;1
12034001001;1
12034025001;1
12034038001;1
12034051001;1
12034053001;1
12034063001;1
12034071001;1
12034075001;8
12034085001;1
12034100001;1
12034103001;1
12034104001;2
12034154001;1
12034171001;1
12034172001;1
12034201001;1
12034211001;1
12100002001;2
12100003001;3
12100008001;1
12100009001;1
12100011001;3
12100012001;1
12100013001;3
12100017001;1
12100018001;2
12100019001;1
12100023001;3
12100026001;8
12100027001;10
12100028001;3
12100036001;1
12100039001;8
12100040001;2
12100046001;2
12100051001;1
12100056001;1
12100059001;1
12100061001;1
12100069001;1
12100078001;1
12100091001;1
12100092001;1
12100093001;1
12100101001;1
12100103001;1
12101001002;1
12101003001;2
12101004001;3
12101005001;1
12101010001;2
12101016001;1
12101020001;1
12101033001;1
12101040001;1
12101040002;1
12102002001;1
12102010001;1
12102013001;3
12102016001;1
12102020001;1
12102021001;1
12102022001;1
12102024001;1
12102026001;2
12102027001;1
12102033001;1
12102035001;2
12102041001;1
12102042001;1
12102046001;1
12102047001;1
12102056001;2
12102057001;2
12102058001;2
12102059001;1
12102060001;1
12102067001;1
12102075001;1
12102080001;2
12102087001;1
12102091001;1
12102095001;8
12102100001;1
12102107001;1
12102109001;1
12102112001;2
12102116001;1
12102118001;1
12102122001;1
12102132001;1
12102140001;8
12102141001;1
12102142001;3
12102144001;1
12102996001;1
12102997001;1
12103004001;1
12103005001;1
12103008001;3
12103011001;2
12103016001;1
12103024001;3
12103025001;2
12103026001;2
12103027001;8
12103029001;1
12103030001;8
12103031001;1
12103039001;1
12103040001;1
12103041001;2
12103047001;1
12103060001;2
12103066001;1
12103072001;1
12103080001;1
12103081001;1
12103083001;1
12103089001;1
12103098001;1
12103099001;1
12103101001;1
12103105001;3
12103125001;1
12103144001;2
12103147001;1
12103154001;1
12103160001;1
12103179001;1
12103183001;1
12104001001;1
12104002001;1
12104003001;8
12104011001;2
12104015001;1
12104021001;3
12104027001;1
12104027002;1
12105001001;2
12105002001;1
12105005001;1
12105006001;1
12105009001;3
12105012001;1
12105013001;1
12105018001;1
12105021001;1
12105025001;1
12105034001;3
12105036001;1
12105043002;1
12105044001;1
12105045001;2
12105047001;1
12105051001;1
12105051002;1
12105058001;1
12105059001;1
12105066001;1
12105067001;1
12105068001;1
12105070001;1
12105071001;1
12105072001;1
12106001001;8
12106002001;1
12106004001;1
12106005001;1
12106006001;1
12106007001;1
12106011001;2
12106012001;1
12106014001;1
12106016002;2
12106019001;1
12106026001;2
12106027001;1
12106029001;1
12106030001;3
12106031001;1
12106034001;1
12106035001;1
12106036002;1
12106038001;1
12106039001;2
12106040001;1
12106044001;2
12106055001;1
12106056001;1
12106063001;1
12106066001;1
12106067001;1
12106070001;1
12106073001;1
12106086001;1
12106087001;1
12106088001;1
12106097001;2
12106098001;1
12106101001;1
12106105001;8
12106107001;2
12106113001;1
12106999001;1
12110003001;1
12110015001;1
12110016001;1
12110022001;1
12110028001;1
12110037001;1
12110059001;1
12110068001;1
12110074001;1
12111003001;1
12111014001;1
12111030001;1
12112002001;1
12112009001;1
12112025001;1
12112026001;1
12120001001;8
12120004001;1
12120006001;3
12120007001;3
12120011001;1
12120013001;1
12120015001;2
12120018001;2
12120024001;1
12120025001;8
12120026001;1
12120027001;2
12120031001;1
12120034001;2
12120038001;3
12120039001;2
12120040001;1
12120041001;1
12120043001;1
12120044001;3
12120052001;6
12120053001;8
12120062001;2
12120063001;3
12120064001;2
12120065001;1
12120072001;1
12120075001;10
12120082001;3
12120083001;2
12120085001;1
12120086001;1
12120087001;1
12120088001;2
12120090001;1
12120091001;1
12120093001;3
12120094001;8
12120898001;3
12121004001;8
12121005001;8
12121006002;1
12121007001;1
12121010001;1
12121016001;3
12121023001;3
12121024001;1
12121027001;1
12121032001;1
12121034001;3
12121036001;3
12121037001;1
12121038001;2
12121048001;2
12121050001;3
12121051001;1
12121056001;3
12121059001;1
12121066001;1
12121078001;1
12121082001;2
12121087001;1
12121091001;3
12121103001;2
12121111001;2
12122002002;2
12122005001;1
12122007001;2
12122008001;1
12122009001;2
12122012001;3
12122013001;8
12122014001;3
12122015001;1
12122016001;3
12122021001;3
12122023002;1
12122030001;2
12122034001;3
12122037001;1
12122045001;1
12122050001;8
12122052001;8
12122055001;1
12123001001;1
12123005001;1
12123007001;2
12123008001;2
12123009001;3
12123013001;2
12123014001;2
12123015001;3
12123016002;2
12123017001;2
12123021001;1
12123024001;3
12123025001;2
12123029001;2
12123031001;2
12123034001;3
12123035001;1
12123038001;2
12123042001;3
12123044001;1
12123055001;2
12123056001;1
12123057001;8
12123063001;8
12123064001;6
12123066001;2
12123068001;2
12123069001;2
12123070001;1
12123075001;3
12123077001;3
12123079001;3
12123080001;2
12123085001;8
12123086001;8
12123090001;2
12123092001;1
12123096001;2
12123099001;1
12123102001;1
12123109001;1
12123110001;2
12123111001;8
12123112001;2
12123127001;1
12123128001;1
12123131001;2
12123132001;3
12123133001;1
12123143001;2
12123144001;2
12123147001;1
12123151001;1
12123897001;3
12123898001;2
12123902001;3
12123903001;3
12124001001;2
12125001001;2
12125002001;1
12125003001;2
12125004001;1
12125005001;1
12125006001;1
12130001001;1
12130004001;3
12130006001;1
12130008001;7
12130010001;3
12130011001;1
12130012001;2
12130014001;1
12130016001;2
12130026001;8
12130031001;2
12130032001;2
12130035001;1
12130038001;1
12130039001;2
12130041001;1
12130042001;1
12130045001;3
12130046001;1
12130047001;2
12130048001;1
12130049001;1
12130051001;1
12130052001;1
12130071001;1
12130075001;2
12130084001;1
12130085001;1
12130086001;3
12130088001;1
12130089001;1
12130110001;1
12130111001;1
12130112001;1
12130113001;1
12150004001;1
12150005001;1
12150007001;1
12150009001;2
12150016001;2
12150039001;1
12151006001;1
12151015001;2
12151088001;1
12151089001;1
12151091001;1
12151092001;1
12151093001;1
12151096001;1
12151110001;1
12152004001;1
12152005001;1
12152062001;1
12200001001;5
12200002001;5
12200006001;5
12200017001;6
12201001001;5
12201005001;4
12201006001;1
12201013001;7
12201020001;8
12201022001;2
12201024001;5
12201030001;3
12201031001;5
12201035001;5
12201037001;4
12201038001;6
12201041001;1
12201042001;9
12201046001;1
12201048001;7
12201049001;5
12201051001;6
12201053001;1
12201059001;3
12201061001;1
12201064001;10
12201065001;5
12201067001;8
12201068001;8
12201069001;5
12201077001;2
12201079001;9
12201080001;3
12201083001;7
12201084001;6
12201086001;2
12201097001;1
12201098001;6
12201099001;1
12201101001;7
12201103001;5
12201104001;5
12201105001;4
12201107001;2
12201108001;3
12201110001;3
12201111001;1
12201112001;3
12201116001;1
12201120001;8
12201123001;4
12201129001;2
12201130001;2
12201153001;5
12201155001;8
12201896001;7
12201897001;3
12201898001;5
12202002001;9
12202005001;8
12202006001;1
12202007001;6
12202008001;3
12202009001;3
12202038001;1
12202039001;8
12210003001;10
12210005001;9
12210018001;7
12210021001;2
12211001001;2
12211004001;1
12211005001;2
12211013001;1
12211016001;2
12211017001;1
12211023001;1
12212003001;1
12212005001;8
12212006001;3
12212007001;3
12212010001;1
12212011001;2
12212017001;1
12212020001;1
12212027001;2
12212030001;1
12212033001;8
12212035001;3
12212036001;2
12212037001;1
12212038001;1
12212040001;1
12212056001;1
12212057001;1
12212058001;1
12212059001;3
12212061001;8
12212062001;2
12212069001;8
12212910001;10
12220002001;6
12220003001;8
12220005001;3
12220009001;1
12220010001;6
12220011001;2
12220013001;8
12220014001;1
12220015001;6
12220018001;8
12221001001;2
12221003001;10
12221008001;7
12221009001;6
12221012001;6
12230008001;1
12230999001;1
12231005001;1
12232010001;1
12232017001;1
12232999001;2
12233011001;1
12233023001;3
12233028001;1
12233034001;1
12233035001;1
12234005001;1
12234029001;8
12234038001;1
12234901001;1
12234915001;1
12234916001;1
12234920001;1
12234921001;1
12234934001;1
12301001001;2
12301004001;1
12301010001;1
12301011001;3
12301023001;3
12301027001;2
12320030001;1
12321040001;1
12322054001;2
12323010001;1
12323109001;1
12324139001;1
12325047001;1
12326002001;1
12326005001;1
12326090001;1
12326152001;1
12326167001;1
12327002001;1
12327007001;1
12327009001;3
12327014001;1
12327015001;1
12327022001;1
12327023001;1
12327025001;1
12327027001;1
12327028001;1
12327040001;1
12327048001;1
12327050001;1
12327052001;1
12327054001;1
12327056001;2
12327057001;2
12327058001;1
12327059001;1
12327062001;1
12327063001;1
12327064001;1
12327077001;1
12327086001;2
12327088001;1
12343304001;1
12344036001;1
12344037001;1
14000002001;8
14000003001;10
14000006001;7
14000008001;2
14000010001;8
14000011001;6
14000014001;6
14000015001;3
14000018001;3
14000020001;1
14000021001;3
14000022001;7
14000023001;1
14000025001;1
14000027001;8
14000032001;7
14000033001;6
14000036001;1
14000039001;7
14000040001;8
14000041001;8
14000042001;6
14000043001;6
14000050001;3
14000055001;3
14000057001;7
14000060001;8
14000061001;3
14000066001;3
14000067001;2
14000071001;8
14000073001;7
14000075001;6
14000098001;1
14000099001;2
14000102001;2
14000106001;2
14000123001;3
14000125001;1
14000131001;2
14000171001;3
14000196001;7
14000197001;7
14000219001;1
14000220001;3
14000322001;2
14001002001;8
14001003001;3
14001007001;8
14001008001;8
14001009001;8
14001010001;8
14001012001;6
14001014001;2
14001017001;7
14001018001;8
14001019001;3
14001029001;2
14001030001;8
14001031001;8
14001033001;8
14001034001;8
14001035001;3
14001036001;8
14001044001;1
14001046001;6
14001050001;2
14001052001;6
14001053001;6
14001058001;2
14001060001;8
14001066001;8
14001070001;1
14001074001;6
14001075001;8
14001080001;1
14001084001;2
14001085001;2
14001086001;2
14001089001;2
14001090001;7
14001092001;8
14001093001;6
14001096001;2
14001097001;2
14001104001;3
14001128001;2
14001136001;2
14001138001;8
14001143001;1
14001149001;2
14001150001;1
14001635001;3
14002002001;7
14002003001;3
14002008001;1
14002013001;3
14002021001;2
14002022001;1
14002024001;1
14002026001;2
14002027001;2
14002032001;1
14002040001;2
14002046001;1
14002052001;1
14003005001;1
14003009001;6
14003011001;3
14003013001;8
14003019001;6
14003029001;7
14003037001;6
14003041001;7
14010002001;8
14010006001;8
14010011001;7
14010012001;8
14010019001;8
14010023001;1
14010025001;3
14010027001;7
14010029001;3
14010030001;8
14010031001;7
14010034001;7
14010036001;6
14010038001;8
14010040001;4
14010041001;3
14010047001;2
14010048001;2
14010049001;8
14010050001;6
14010060001;6
14010062001;3
14010064001;8
14010071001;7
14010072001;8
14010078001;8
14010079001;8
14010084001;6
14010088001;8
14010094001;8
14010097001;10
14010140001;2
14010142001;4
14010145001;3
14010149001;8
14010151001;3
14010170001;7
14010173001;6
14010178001;8
14010187001;8
14010193001;6
14010194001;3
14010208001;3
14010210001;6
14010219001;2
14010247001;7
14010283001;1
14010284001;1
14010285001;2
14010897001;1
14010898001;1
14010899001;1
14011003001;7
14011004001;3
14011005001;8
14011006001;8
14011009001;8
14011010001;8
14011014001;8
14011015001;2
14011018001;1
14011022001;1
14011024001;6
14011027001;3
14011028001;7
14011029001;4
14011030001;3
14011031001;6
14011032001;7
14011034001;7
14011042001;8
14011045001;1
14011051001;8
14011052001;4
14011053001;4
14011059001;7
14011063001;1
14011065001;1
14011095001;6
14011929001;8
14012019001;6
14013001001;2
14013002001;3
14013004001;8
14013006001;1
14013007001;1
14013014001;3
14013015001;1
14013022001;2
14013964001;1
14014005001;4
14014006001;5
14014011001;8
14014013001;3
14014014001;4
14014015001;4
14014018001;8
14014031001;9
14020006001;8
14020008001;8
14020013001;8
14020015001;6
14020030001;3
14020053001;7
14020926001;7
14020949001;2
14020951001;6
14020956001;2
14020960001;3
14020976001;3
14020977001;3
14021005001;6
14021006001;8
14021010001;7
14021015001;1
14021017001;7
14021036001;3
14021055001;3
14021068001;1
14021090001;1
14021091001;2
14021109001;3
14022001001;2
14022002001;8
14022003001;8
14022012001;3
14022019001;7
14022020001;3
14022027001;3
14022029001;8
14022032001;6
14022033001;3
14022041001;3
14022059001;2
14022086001;3
14022118001;3
14023003001;3
14023012001;3
14023017001;3
14023019001;1
14023027001;6
14023028001;4
14023029001;7
14023032001;2
14023034001;3
14023044001;2
14023050001;6
14023056001;5
14023083001;6
14023126001;3
14023127001;6
14023129001;3
14023132001;3
14023140001;1
14023194001;1
14023210001;2
14023212001;3
14023257001;3
14023307001;10
14023310001;10
14023503001;10
14100001001;8
14100003001;7
14100005001;1
14100007001;2
14100009001;8
14100012001;8
14100020001;2
14100027001;3
14100031001;1
14101002001;1
14101004001;8
14101007001;3
14101016001;2
14101017001;2
14101021001;2
14101024001;8
14101074001;3
14102007001;1
14102008001;2
14102025001;2
14102026001;3
14102040001;6
14102067001;2
14102223001;1
14102238001;6
14102246001;7
14102249001;7
14102250001;7
14102258001;7
14103009001;7
14103018001;8
14103030001;8
14103053001;3
14103057001;3
14103058001;1
14103084001;1
14103106001;2
14104002001;7
14104012001;7
14104017001;7
14104028001;1
14104030001;2
14104042001;6
14104060001;2
14104067001;7
14104088001;1
14104090001;3
14104098001;2
14104101001;6
14104108001;3
14104113001;8
14104114001;3
14104117001;1
14104129001;7
14104139001;1
14104146001;3
14104148001;3
14104150001;3
14104151001;3
14104162001;2
14104169001;6
14104193001;2
14104200001;2
14105008001;2
14105026001;2
14105129001;8
14105130001;8
14110002001;2
14110003001;3
14110006001;6
14110010001;2
14110011001;2
14110015001;7
14110019001;2
14110028001;1
14110029001;6
14110054001;6
14110056001;3
14110074001;1
14110078001;2
14110081001;8
14110084001;6
14110086001;8
14110106001;9
14110145001;2
14110154001;10
14110163001;3
14110270001;1
14111001001;6
14111004001;3
14111005001;2
14111006001;3
14111007001;1
14111008001;3
14111010001;3
14111011001;3
14111012001;2
14111015001;3
14111017001;2
14111018001;1
14111020001;8
14111023001;2
14111024001;8
14111029001;3
14111034001;2
14111035001;1
14111036001;8
14111037001;3
14111038001;8
14111040001;1
14111041001;2
14111048001;1
14111050001;3
14111053001;1
14111055001;2
14111067001;2
14111090001;1
14111098001;2
14111102001;2
14111107001;1
14111118001;8
14111119001;1
14111120001;2
14111134001;8
14111230001;1
14112007001;8
14112009001;3
14112013001;4
14112014001;7
14112016001;7
14112021001;8
14112038001;3
14112040001;3
14112054001;8
14113013001;2
14113066001;7
14120002001;3
14120017001;3
14120019001;6
14120020001;8
14120024001;2
14121006001;3
14121014001;7
14121017001;6
14121019001;7
14121057001;6
14121059001;8
14121061001;2
14121062001;6
14121063001;7
14121064001;3
14121074001;7
14121075001;3
14121104001;8
14121112001;3
14121131001;1
14121136001;8
14121143001;8
14121164001;8
14130001001;6
14130007001;7
14130009001;8
14130013001;3
14130015001;8
14130016001;6
14130017001;6
14130042001;8
14130054001;8
14131008001;8
14131011001;3
14131020001;6
14131022001;6
14131026001;3
14131027001;7
14131033001;7
14131040001;8
14131041001;7
14131043001;8
14131044001;2
14131047001;7
14131056001;8
14131074001;3
14131075001;7
14131092001;6
14131105001;6
14131121001;10
14132003001;8
14132015001;7
14132031001;7
14132038001;8
14132071001;3
14132074001;3
14132075001;2
14132116001;3
14132130001;1
14132131001;1
14132149001;3
14132153001;3
14133007001;3
14133013001;1
14133027001;3
14133028001;3
14133029001;6
14133030001;8
14133899001;1
14133914001;2
14133918001;1
14200002001;1
14200006001;8
14200011001;3
14200012001;2
14200018001;2
14200019001;2
14200033001;3
14200046001;2
14200047001;3
14200049001;2
14200059001;1
14200060001;2
14200061001;1
14200069001;6
14200070001;1
14200086001;2
14200087001;3
14200088001;2
14200089001;1
14200090001;2
14200091001;3
14200092001;2
14200093001;3
14200096001;1
14200119001;8
14201002001;2
14201003001;1
14201013001;3
14201019001;1
14201020001;2
14201021001;3
14201022001;3
14201049001;2
14202001001;10
14202009001;3
14202011001;1
14202013001;2
14202017001;3
14202018001;2
14202023001;2
14203001001;8
14203002001;1
14203003001;2
14203004001;3
14203016001;2
14203017001;7
14203027001;3
14203032001;3
14203048001;3
14203053001;2
14203055001;2
14203058001;2
14203061001;2
14203062001;3
14203064001;2
14203065001;1
14203078001;6
14203080001;3
14203083001;2
14203089001;3
14204004001;2
14204010001;8
14204022001;1
14204025001;2
14204041001;6
14204044001;2
14204051001;1
14204052001;2
14204053001;2
14204054001;8
14204055001;3
14204061001;6
14204062001;3
14204065001;3
14204066001;1
14204067001;1
14204070001;8
14204071001;8
14204073001;2
14204077001;2
14204078001;2
14204083001;3
14204086001;8
14204107001;1
14204118001;2
14204125001;8
14204126001;3
14204127001;1
14204129001;8
14204131001;3
14204132001;8
14204135001;1
14204136001;3
14204148001;1
14204150001;1
14204197001;2
14204198001;2
14204892001;8
14210009001;1
14210010001;2
14210015001;1
14210019001;1
14210021001;1
14210025001;1
14210026001;1
14210029001;1
14210031001;1
14210034001;2
14210035001;2
14210045001;1
14210046001;2
14210047001;1
14210048001;1
14210051001;3
14210056001;2
14210068001;1
14210084001;2
14210108001;2
14210110001;2
14210114001;1
14210127001;1
14211055001;2
14213004001;3
14213008001;1
14213010001;1
14213055001;1
14213092001;2
14220002001;2
14220005001;3
14220085001;2
14220086001;2
14220110001;2
14220140001;3
14220141001;3
14220155001;1
14221113001;2
14222001001;1
14222005001;2
14222006001;1
14222019001;2
14222025001;2
14222036001;1
14222042001;3
14222043001;8
14222045001;1
14222046001;8
14222048001;2
14222049001;1
14222053001;3
14222068001;6
14222072001;8
14222087001;2
14222095001;3
14222114001;8
14222119001;1
14222120001;1
14222121001;1
14222122001;1
14222137001;1
14222141001;2
14222142001;6
14222896001;2
14222897001;8
14222898001;8
14222999001;2
14223005001;2
14223008001;1
14223018001;3
14223037001;8
14223039001;8
14223045001;8
14223046001;1
14223048001;1
14223065001;1
14223080001;3
14223094001;8
14223155001;1
14223171001;1
14223176001;3
14223179001;8
14223215001;8
14223247001;2
14224002001;2
14224003001;3
14225008001;1
14225014001;1
14225016001;1
14225018001;2
14225023001;1
14225029001;2
14225030001;1
14225035001;1
14225041001;1
14225045001;1
14225052001;1
14225056001;2
14225057001;1
14226003001;2
14226005001;3
14226007001;2
14226009001;3
14226012001;2
14226016001;2
14226019001;1
14226020001;1
14226032001;1
14226035001;1
14226042001;2
14226046001;1
14226051001;1
14226059001;2
14226063001;2
14226067001;2
14226100001;1
14227002001;2
14227005001;3
14230034001;8
14230431001;3
14231003001;6
14232107001;2
14240001001;2
14240008001;1
14240014001;1
14240015001;1
14241001001;1
14241002001;1
14241004001;2
14241025001;1
14241030001;3
14241032001;2
14241033001;2
14241035001;1
14241042001;8
14241043001;1
14241044001;1
14242003001;2
14242007001;2
14242010001;1
14242036001;2
14242039001;2
14242042001;3
14242045001;2
14242056001;3
14242072001;2
14242081001;2
14242105001;2
14242126001;1
14242131001;3
14242144001;2
14242145001;2
14242150001;1
14242151001;3
14242154001;2
14242155001;3
14242164001;2
14242169001;1
14242210001;1
14243006001;1
14243007001;1
14243009001;1
14243012001;1
14243013001;2
14243016001;2
14243017001;2
14243020001;2
14243021001;1
14243026001;3
14243028001;1
14243031001;1
14243036001;2
14243040001;3
14243042001;8
14243044001;3
14243045001;3
14243046001;3
14243053001;1
14243054001;1
14243055001;1
14243058001;8
14243061001;3
14243076001;1
14243081001;1
14243088001;1
14243094001;2
14243106001;1
14243107001;2
14243108001;1
14243110001;1
14243111001;1
14243120001;1
14243129001;3
14243166001;3
14244003001;7
14244005001;1
14244009001;1
14244011001;2
14244012001;1
14244014001;8
14244016001;7
14244017001;8
14244020001;7
14244021001;6
14244022001;1
14244025001;2
14244026001;2
14244027001;3
14244028001;3
14244031001;1
14244034001;1
14244039001;2
14244046001;1
14244049001;2
14244050001;3
14244051001;1
14244052001;8
14244053001;8
14244056001;2
14244059001;8
14244062001;1
14244092001;1
14244896001;7
14244898001;8
14244906001;3
14244918001;8
14244919001;3
14244930001;1
14244999001;10
14300003001;1
14300008001;2
14300016001;1
14300019001;1
14300025001;2
14300029001;1
14300046001;2
14300057001;1
14300070001;1
14300096001;1
14301013001;3
14301018001;1
14301023001;2
14301030001;1
14301031001;1
14301108001;1
14301109001;1
14301110001;1
14302005001;3
14302006001;2
14302017001;2
14302018001;2
14302060001;1
14302072001;1
14302079001;3
14302080001;2
14303015001;2
14303021001;1
14303022001;1
14303024001;2
14303026001;1
14303033001;1
14303034001;1
14303036001;1
14303037001;1
14303038001;1
14303039001;1
14303040001;1
14303048001;3
14303058001;1
14303897001;2
14303898001;1
14303899001;1
14303933001;3
14303934001;3
14304001001;1
14304003001;2
14304008001;1
14304009001;2
14304013001;1
14304014001;1
14304028001;1
14304047001;1
14304062001;1
14304064001;1
14304084001;1
14304128001;1
14304135001;1
14304157001;1
14304194001;2
14304230001;1
14304301001;1
14304302001;1
14304303001;1
14310015001;2
14310016001;2
14310020001;1
14310028001;1
14310071001;1
14310096001;1
14310101001;1
14310111001;1
14310127001;1
14310128001;1
14310134001;1
14310139001;2
14310209001;1
14311002001;1
14311004001;6
14311005001;9
14311020001;3
14311022001;8
14311025001;1
14311027001;3
14311031001;1
14311036001;1
14311040001;1
14311041001;1
14311043001;3
14311044001;2
14311046001;1
14311054001;2
14311058001;3
14311059001;2
14311065001;2
14311071001;1
14311076001;1
14311081001;2
14311086001;1
14311095001;1
14311104001;1
14311112001;3
14311115001;1
14311117001;1
14311118001;2
14311119001;1
14311134001;1
14311135001;3
14311158001;8
14311161001;1
14311220001;1
14311234001;1
14311235001;1
14311256001;1
14311258001;1
14311261001;1
14311262001;1
14311270001;1
14311898001;1
14312001001;2
14312003001;1
14312008001;1
14312011001;1
14312012001;1
14312016001;1
14312018001;2
14312032001;2
14312042001;1
14312045001;3
14312055001;2
14312068001;1
14312070001;2
14312999001;3
14313008001;1
14313011001;1
14313019001;2
14313021001;1
14313023001;1
14313024001;1
14313891001;1
14313892001;1
14313897001;1
14313899001;1
14313900001;1
14313906001;1
14315008001;2
14315016001;8
14315017001;3
14320006001;1
14320008001;1
14320899001;1
14321008001;1
14321009001;1
14321011001;2
14330003001;1
14330004001;2
14330006001;1
14330011001;3
14330015001;1
14330897001;1
14331004001;2
14331005001;1
14331007001;1
14331020001;1
14331022001;2
14331025001;1
14331026001;2
14331028001;3
14331029001;1
14331037001;2
14331039001;1
14331044001;2
14331898001;1
14331997001;1
14332004001;1
14332005001;1
14332007001;2
14332008001;2
14332010001;1
14332013001;1
14332014001;2
14332016001;2
14332017001;1
14332018001;1
14333004001;1
14333006001;2
14340002001;1
14340006001;3
14340008001;1
14340026001;1
14340027001;1
14341019001;1
14341068001;1
14341079001;1
14342007001;1
14342010001;1
14342020001;1
14343012001;1
14343026001;1
14343027001;1
14343028001;1
14343036001;1
14344005001;1
14344010001;1
14350005001;3
14350006001;2
14350007001;2
14350011001;1
14351007001;1
14351017001;1
14351024001;2
14351033001;2
14351034001;2
14351038001;1
14351041001;1
14351042001;2
14351059001;1
14351068001;1
14352027001;1
14352028001;2
14352031001;1
14352058001;1
14352060001;8
14352069001;1
14352076001;1
14352079001;1
14353001001;1
14353002001;1
14353003001;1
14353009001;1
14353010001;2
14353011001;3
14353013001;2
14353016001;1
14353017001;2
14353019001;7
14353023001;1
14353024001;8
14353025001;2
14353029001;1
14353030001;1
14353035001;1
14353036001;3
14353039001;8
14353040001;2
14353045001;2
14353047001;1
14353052001;2
14353073001;1
14353899001;3
14353900001;1
14360001001;1
14360007001;2
14360008001;3
14360019001;1
14360022001;3
14360044001;1
14360045001;3
14361002001;1
14361004001;1
14361007001;2
14361008001;1
14361009001;2
14361010001;3
14361011001;1
14361014001;1
14361015001;2
14361022001;1
14361034001;1
14361041001;2
14361044001;2
14361051001;1
14361054001;1
14361055001;2
14361061001;2
14361065001;3
14361070001;1
14361074001;1
14361081001;1
14361082001;3
14361083001;2
14361086001;1
14361093001;2
14361102001;1
14361104001;2
14361109001;1
14361112001;3
14361114001;2
14361115001;1
14361118001;1
14361120001;2
14361122001;1
14361124001;1
14361128001;3
14361129001;8
14361146001;2
14361149001;2
14361157001;1
14361158001;2
14361159001;2
14361160001;3
14361161001;1
14361162001;3
14361170001;1
14361177001;1
14361899001;2
14361902001;1
14362033001;1
14362902001;1
14364197001;1
14364198001;1
14370002001;3
14370003001;8
14370004001;7
14370007001;2
14370017001;2
14370020001;7
14370025001;3
14370029001;2
14370044001;1
14370045001;1
14370048001;1
14370069001;1
14370072001;2
14370073001;1
14370076001;2
14370077001;2
14411001001;1
14411015001;1
14411016001;1
14411023001;1
14411901001;1
14412023001;1
14412037001;1
14412060001;1
14413010001;1
14500000001;5
14500003001;9
14500005001;3
14500007001;7
14500008001;7
14500010001;4
14500012001;10
14500013001;5
14500017001;3
14500018001;2
14500023001;4
14500024001;4
14500026001;4
14500037001;7
14500042001;6
14500048001;3
14500051001;10
14500058001;2
14500059001;1
14500064001;9
14500066001;2
14501002001;6
14501004001;4
14501005001;7
14501007001;3
14501010001;4
14501011001;7
14501012001;4
14501013001;4
14501014001;5
14501016001;7
14501017001;10
14501022001;5
14501026001;7
14501029001;3
14501031001;9
14501037001;6
14501038001;7
14501045001;4
14501047001;4
14501053001;7
14501058001;7
14501063001;5
14501065001;10
14501084001;9
14501086001;7
14501899001;8
14501902001;4
14501905001;1
14501926001;10
14501928001;6
14501929001;6
14501942001;9
14501943001;2
14501944001;2
14502002001;6
14502003001;7
14502004001;4
14502005001;2
14502006001;4
14502007001;7
14502008001;3
14502009001;5
14502011001;5
14502012001;4
14502014001;5
14502015001;4
14502018001;2
14502019001;6
14502020001;9
14502021001;8
14502022001;7
14502023001;9
14502026001;7
14502029001;7
14502044001;1
14502054001;7
14502068001;1
14502069001;1
14502077001;4
14502078001;4
14502080001;9
14502081001;5
14502111001;7
14503000001;5
14503002001;7
14503003001;5
14503005001;7
14503010001;8
14503013001;4
14503019001;4
14503024001;3
14503034001;7
14503047001;1
14503048001;3
14503049001;6
14504001001;7
14504002001;7
14504006001;4
14504008001;7
14504009001;9
14504012001;9
14504015001;4
14504027001;4
14504028001;4
14504055001;4
14504056001;1
14504076001;1
14505003001;10
14505005001;4
14505008001;10
14505011001;7
14505013001;5
14505014001;5
14505016001;5
14505020001;7
14505021001;4
14505031001;4
14505035001;1
14505039001;2
14505041001;5
14505043001;1
14505046001;8
14505048001;8
14505053001;2
14505059001;10
14505099001;7
14505105001;7
14505106001;6
14505115001;9
14505125001;9
14505138001;4
14505139001;8
14505148001;3
14505899001;5
14505911001;7
14505913001;1
14505917001;5
14505973001;1
14506001001;6
14506002001;8
14506004001;3
14506005001;3
14506006001;1
14506011001;2
14506012001;1
14506013001;2
14506014001;2
14506015001;3
14506021001;2
14506033001;1
14506036001;3
14506038001;2
14506041001;2
14506042001;2
14506044001;1
14506049001;8
14506057001;1
14506060001;3
14506062001;2
14506065001;6
14506066001;3
14506067001;8
14506069001;2
14506070001;8
14506072001;6
14506074001;2
14506076001;1
14506081001;1
14506082001;1
14506085001;3
14506087001;6
14506089001;10
14506090001;8
14506099001;3
14506103001;3
14506109001;3
14506111001;1
14506112001;1
14506122001;1
14506124001;2
14506127001;1
14506129001;1
14506130001;1
14506131001;1
14506132001;1
14506135001;2
14506139001;3
14506140001;2
14506141001;2
14506143001;8
14506145001;1
14506150001;2
14506159001;3
14506164001;3
14506165001;1
14506171001;2
14506173001;1
14506174001;10
14506190001;3
14506199001;10
14506204001;3
14506222001;1
14506225001;3
14506248001;1
14506262001;1
14506264001;1
14506286001;3
14506313001;1
14506314001;3
14506315001;2
14506328001;1
14506329001;1
14506334001;1
14506352001;3
14506357001;1
14506358001;1
14506366001;1
14506372001;2
14506400001;2
14506488001;1
14506490001;8
14506887001;8
14507042001;1
14507044001;1
14507045001;1
14507047001;1
14507061001;1
14507076001;2
14507083001;1
14507085001;1
14507087001;1
14507202001;1
14508004001;6
14508013001;2
14508016001;2
14508022001;1
14509001001;6
14509005001;2
14509007001;1
14509008001;6
14509013001;1
14509015001;2
14509016001;2
14509021001;1
14509024001;1
14509025001;1
14509026001;1
14509035001;1
14509036001;2
14509037001;1
14510004001;7
14510005001;1
14510007001;8
14510009001;3
14510014001;2
14510015001;1
14510030001;2
14510034001;7
14510038001;1
14510041001;9
14510049001;3
14510050001;7
14510063001;1
14510068001;2
14510088001;8
14510100001;8
14510101001;3
14510103001;8
14510111001;8
14510121001;1
14510127001;3
14510133001;8
14510138001;1
14510139001;6
14510140001;8
14510147001;2
14510148001;3
14510150001;6
14510153001;8
14510159001;3
14510167001;2
14510169001;1
14510175001;9
14510178001;1
14510185001;2
14510194001;1
14510204001;9
14510205001;2
14510206001;1
14510210001;2
14510212001;6
14510217001;9
14510218001;8
14510225001;1
14510233001;8
14510255001;2
14510294001;10
14510298001;8
14510300001;3
14510346001;8
14510399001;1
14510410001;1
14511005001;3
14511006001;1
14511014001;8
14511021001;1
14511023001;3
14511034001;1
14511051001;6
14511052001;8
14511057001;1
14511076001;2
14511080001;2
14512015001;1
14512025001;2
14512035001;2
14512048001;1
14512123001;1
14512916001;2
14520044001;1
14520065001;7
14520067001;8
14520068001;6
14521148001;1
14521156001;8
14521157001;7
14521158001;7
14521178001;3
14521179001;2
14521180001;2
14521181001;2
14522044001;1
14522048001;3
14522049001;3
14522050001;8
14522051001;8
14522065001;3
14523106001;1
14524015001;1
14600005001;6
14600007001;2
14600010001;1
14600011001;3
14600013001;3
14600017001;2
14600020001;2
14600022001;1
14600023001;9
14600032001;2
14600898001;3
14600899001;2
14600907001;1
14600912001;2
14600999001;1
14601001001;3
14601003001;3
14601004001;8
14601009001;1
14601015001;1
14601016001;1
14601027001;1
14601028001;1
14601047001;2
14601051001;2
14601063001;1
14601065001;2
14601067001;1
14601073001;1
14601999001;3
14602013001;1
14602022001;1
14602033001;1
14602034001;1
14602035001;2
14602036001;1
14602037001;1
14602049001;2
14602050001;2
14602052001;1
14602058001;1
14602060001;1
14602061001;1
14602063001;2
14602074001;1
14602085001;1
14602087001;1
14602089001;1
14602091001;1
14602092001;1
14602112001;1
14602113001;1
14602115001;1
14602116001;1
14602120001;1
14603001001;1
14603003001;8
14603004001;3
14603005001;2
14603010001;2
14603012001;3
14603013001;1
14603014001;1
14603019001;2
14603026001;1
14603030001;1
14603038001;1
14603116001;1
14604001001;1
14604042001;1
14610001001;8
14610002001;6
14610008001;2
14610009001;3
14610010001;3
14610011001;8
14611002001;6
14611007001;1
14611009001;1
14611010001;7
14611013001;2
14611014001;1
14611020001;2
14611022001;6
14611899001;2
14611901001;2
14612005001;2
14612012001;2
14612018002;6
14612031001;1
14612034001;8
14612035001;1
14612059001;2
14612075001;10
14612088001;3
14612900001;8
14612922001;1
14612946001;1
14613007001;3
14613013001;1
14613017001;1
14613018001;2
14613019001;8
14613024001;2
14613026001;8
14613899001;2
14613900001;3
14613902001;8
14613904001;8
14613907001;8
14613908001;3
14613918001;1
14614001001;1
14615002001;2
14615009001;8
14615011001;1
14615012001;2
14615013001;2
14615019001;1
14615021001;1
14615030001;1
14615031001;1
14615035001;1
14615038001;3
14615041001;3
14615048001;2
14615052001;2
14615057001;1
14615059001;1
14615061001;1
14615063001;1
14615067001;1
14615070001;9
14615072001;1
14615076001;1
14615079001;2
14615082001;3
14615083001;1
14615084001;6
14615107001;2
14615108001;3
14615114001;1
14615133001;9
14615897001;1
14615898001;2
14616001001;3
14616002001;8
14616006001;6
14616009001;3
14616013001;2
14616017001;2
14616018001;2
14616019001;2
14616020001;1
14616021001;1
14616022001;2
14616033001;2
14616038001;1
14616044001;1
14616053001;1
14616054001;3
14616060001;1
14616075001;1
14616194001;1
14616195001;1
14616203001;1
14620001001;1
14620006001;6
14620007001;1
14620012001;1
14620014001;7
14620019001;2
14620021001;3
14620022001;1
14620028001;1
14620030001;8
14620035001;1
14620036001;2
14620039001;1
14620042001;10
14620046001;1
14620051001;2
14620057001;8
14620060001;2
14620061001;1
14620062001;8
14620063001;1
14620070001;2
14620072001;1
14620081001;1
14620083001;1
14620084001;2
14620092001;1
14620103001;1
14620107001;1
14620110001;3
14620111001;2
14620112001;1
14620113001;1
14620114001;3
14620115001;1
14620119001;2
14620124001;1
14620133001;2
14620138001;1
14620149001;2
14620158001;2
14620168001;1
14620171001;1
14620178001;1
14620894001;3
14620907001;6
14620908001;3
14620909001;1
14620920001;2
14620922001;2
14620999001;3
14621005001;10
14621009001;1
14621012001;1
14621013001;2
14621017001;1
14621018001;1
14621021001;2
14621026001;1
14621029001;8
14621034001;3
14621035001;1
14621041001;7
14621044001;1
14621045001;3
14621048001;2
14621058001;2
14621062001;1
14621069001;6
14621070001;2
14621095001;2
14630050001;1
14630056001;1
14631013001;1
14631014001;1
14631018001;3
14631022001;1
14631026001;3
14631028001;1
14631042001;1
14631043001;1
14631047001;2
14631064001;2
14631082001;1
14631100001;1
14631925001;1
14631944001;1
14631948001;1
14631949001;1
14632005001;2
14632009001;2
14632014001;1
14632019001;1
14632022001;1
14632030001;2
14632044001;1
14632058001;1
14632059001;2
14632067001;1
14632071001;1
14632103001;1
14632186001;1
14632194001;1
14632215001;1
14632223001;2
14632295001;1
14632352001;1
14632449001;1
14632450001;1
14632482001;1
14633001001;3
14633039001;3
14633043001;1
14633045001;2
14633046001;1
14633108001;1
14633896001;2
14633897001;2
14633900001;3
14633934001;3
14633935001;3
14633936001;1
14633937001;2
14633938001;2
14634023001;1
14634027001;2
14634047001;1
14700007001;2
14700008001;1
14700026001;3
14700031001;1
14700035001;1
14700036001;2
14700037001;1
14700077001;1
14700078001;3
14701008002;1
14701012001;1
14701022001;1
14701045001;1
14701067001;1
14710006001;1
14710007001;1
14711001001;1
14711008001;1
14711014001;2
14720003001;1
14720022001;2
14720029001;1
14721003001;1
14721943001;2
14721944001;2
14730041001;1
14730898001;1
14730900001;1
14731905001;2
14740003001;1
14740006001;2
14740013001;1
14740016001;2
14740017001;1
14740018001;1
14740024001;3
14740035001;1
14740036001;2
14740037001;1
14740038001;2
14740050001;1
14740061001;1
14740074001;1
14741003001;2
14741008001;1
14741009001;1
14741010001;2
14741015001;1
14741017001;3
14741026001;1
14741028001;1
14741049001;1
14741050001;1
14741051001;1
14742018001;1
14742048001;2
14801002001;7
14801003001;3
14801012001;1
14801020001;2
14802005001;3
14802010001;1
14804001001;6
14804002001;4
14804004001;4
14804005001;7
14804007001;5
14804010001;7
14804012001;6
14804013001;1
14804014001;3
14804016001;8
14805001001;8
14805002001;3
14805004001;4
14805005001;7
14805010001;8
14805012001;5
14805013001;7
14805016001;5
14805017001;7
14805023001;8
14805028001;6
14805056001;8
14805059001;8
14805063001;1
14805066001;2
14805899001;7
14810001001;7
14810002001;8
14810004001;7
14810005001;9
14810006001;4
14810012001;8
14810013001;6
14810016001;4
14810017001;3
14810018001;3
14810023001;2
14810025001;2
14810030001;3
14810031001;1
14811004001;8
14811006001;8
14811007001;8
14820001001;3
14820004001;2
14820008001;4
14820009001;2
14820012001;4
14820013001;4
14820014001;4
14820015001;2
14820017001;7
14820023001;2
14820028001;4
14820029001;3
14820035001;1
14820045001;7
14821001001;3
14821003001;5
14821006001;2
14821011001;1
14822008001;3
14822009001;2
14822010001;2
14822014001;7
14822017001;1
14822018001;1
14822021001;1
14822024001;1
14822025001;2
14822026001;2
14822037001;2
14822044001;1
14822046001;6
14822049001;3
14822050001;2
14822053001;1
14822062001;1
14822063001;6
14822095001;1
14822104001;1
14822112001;3
14822115001;1
14822899001;2
14822925001;1
14822926001;2
14822965001;2
14830001001;6
14830002001;7
14830005001;8
14830009001;4
14830010001;9
14830011001;8
14830012001;10
14830013001;1
14830017001;2
14830018001;1
14830026001;8
14830029001;8
14830039001;1
14830045001;8
14830048001;3
14830063001;2
14830069001;7
14830072001;6
14830073001;6
14831002001;7
14831005001;1
14831007001;5
14831008001;8
14831009001;8
14831011001;7
14831013001;9
14831020001;4
14831021001;7
14831022001;6
14831027001;10
14832003001;3
14832005001;3
14832009001;1
14832012001;9
14832018001;4
14832021001;5
14832024001;1
14832037001;2
14832043001;2
14832044001;1
14832052001;6
14832054001;8
14832057001;8
14832909001;2
14833003001;8
14833005001;1
14833011001;3
14833017001;1
14833024001;7
14833033001;1
14833035001;10
14833036001;2
14833037001;1
14833040001;1
14833049001;3
14833051001;2
14833052001;8
14833056001;3
14833058001;2
14833059001;2
14833060001;2
14833063001;1
14833066001;3
14833069001;1
14833072001;3
14833075001;3
14833077001;2
14833078001;2
14833079001;1
14833086001;2
14840003001;5
14840005001;2
14840006001;5
14840017001;7
14840018001;6
14840022001;10
14841001001;8
14841002001;8
14841003001;3
14850001001;7
14850003001;1
14850010001;7
14850011001;6
14850019001;1
14850020001;1
14850034001;3
14850036001;1
14850042001;1
14850060001;1
14850082001;1
14850093001;3
14850102001;2
14850103001;1
14850124001;2
14850125001;3
14850126001;2
14850133001;1
14850135001;1
14850175001;1
14850194001;2
14850195001;3
14851001001;1
14851006001;1
14851009001;1
14851010001;1
14851014001;1
14851023001;1
14851025001;8
14851032001;1
14851034001;3
14851063001;8
14851071001;3
14851072001;8
14851121001;1
14852005001;2
14852006001;1
14852008001;1
14852009001;2
14852011001;1
14852012001;1
14852016001;1
14852019001;2
14852020001;1
14852031001;1
14852044001;2
14852062001;1
14852064001;2
14852898001;1
14852899001;1
14853003001;8
14853031001;1
14853046001;2
14853047001;1
14853048001;1
14853049001;1
14854027001;1
15020001001;7
15020007001;1
15020010001;5
15020046001;7
15020047001;5
15020050001;5
15020920001;9
15020922001;7
15020925001;3
15021001001;5
15021003001;6
15021035001;7
15021042001;10
15021047001;9
15021057001;8
15021060001;7
15022004001;5
15022005001;9
15022009001;6
15022013001;7
15022014001;1
15022017001;4
15022019001;2
15022021001;8
15022026001;4
15023001001;1
15023003001;8
15023004001;6
15023005001;7
15023008001;10
15023011001;7
15023012001;4
15023013001;9
15023017001;6
15023020001;4
15023035001;8
15023036001;1
15023038001;1
15024004001;4
15024011001;10
15024014001;7
15081020001;2
30000004001;1
30000056001;3
30001041001;1
30001907001;3
30002001001;1
30003001001;1
30005001001;1
30010002001;3
30011002001;3
30013002001;1
30045079001;1
30071041001;1
30071043001;1
30071044001;1
30071051001;1
30073007001;1
30073017001;1
30073022001;1
30073068001;1
30430005001;1
30435004001;1
30450006001;2
30450010001;2
30450011001;2
30450013001;1
30450034001;1
30450039001;1
31042914001;1
31118021001;1
31118023001;1
31175002001;1
31182015001;1
31214010001;1
31215012001;1
31225014001;1
31226017001;1
31227009001;1
31235015001;1
31235016001;3
31235904001;1
31235905001;1
31235906001;1
31236026001;2
31236027001;3
31236033001;1
31236034001;1
31240002001;1
31244001001;1
31244002001;1
31250003001;1
31251002001;1
31253001001;1
31253002001;2
31253004001;1
31254009001;1
31254899001;1
31255006001;1
31255010001;1
31258003001;1
31258006001;1
31268003001;1
31270006001;1
31271003001;1
31273002001;1
31401023001;1
31403064001;1
31420003001;1
31421003001;2
31421011001;2
31421034001;1
31421035001;1
31421038001;2
31421039001;1
31421040001;1
31421041001;1
31421049001;1
31422002001;1
31422011001;2
31422013001;1
31422014001;2
31422019001;1
31422021001;2
31422022001;2
31422023001;2
31422898001;2
31422899001;1
31423001001;1
31423003001;1
31423013001;1
31423019001;3
31423896001;1
31423897001;1
31423902001;1
31424001001;2
31424002001;3
31425009001;10
31437078001;1
31455002001;1
31455003001;3
31455014001;1
31455016001;1
31466156001;3
31473004001;1
31473013001;8
31500003001;1
31500006001;8
31500008001;1
31500014001;10
31500015001;10
31500024001;2
31500025001;2
31500026001;1
31500030001;1
31500032001;1
31500033001;1
31501001001;2
31501003001;3
31501007001;2
31501010001;9
31501012001;2
31501013001;1
31501021001;6
31501025001;3
31501901003;1
31501903001;3
31501904001;1
31501907001;1
31502003001;1
31502006001;8
31502010001;2
31502012001;2
31502015001;2
31502022001;2
31502023001;3
31502025001;8
31502034001;2
31502037001;2
31502041001;1
31503003001;1
31504009001;2
31504015001;2
31510009001;1
31510010001;1
31521003001;1
31521004001;1
31523019001;1
31530003001;1
31530005001;1
31530008001;1
31530011001;1
31530027001;2
31530043001;1
31530081001;1
31530082001;1
31530083001;1
31530107001;2
31530108001;1
31531002001;8
31531021001;2
31531022001;1
31531042001;2
31531047001;1
31531056001;1
31531099001;3
31531124001;2
31532003001;1
31532060001;2
31532098001;2
31532099001;3
31532100001;3
31533003001;1
31533005001;8
31533008001;8
31533034001;1
31533084001;1
31533085001;1
31533096001;1
31533097001;2
31533232001;2
31533233001;3
31533309001;1
31533891001;2
31533893001;2
31543032001;1
31544002001;1
31544040001;1
31544042001;2
31544043001;2
31544060001;1
31544075001;2
31544077002;1
31545002001;1
31545005001;2
31545006001;1
31545011001;1
31546020001;1
31552006001;1
31552017001;2
31553006001;1
31556012001;1
31563004001;2
31563016001;1
31563039001;1
31564003001;2
31564005001;1
31564007001;2
31567002001;1
31567004001;2
31567010001;1
31567018001;3
31567025001;3
31567028001;1
31567030001;1
31567031001;3
31567037001;1
31567050001;1
31567051001;1
31567052001;3
31567053001;8
31567056001;1
31568007001;1
31568011001;2
31568012001;1
31568016001;2
31568019001;2
31568028001;2
31568043001;1
31568071001;1
31580049002;1
31581023001;1
31602031001;1
31602059001;1
31607015001;1
31611044001;1
31611047001;2
31620010001;1
31621001001;1
31621032001;2
31621043001;1
31623006001;1
31623026001;2
31623898001;1
31623901001;1
31623904001;1
31627899001;1
31628003001;1
31644022001;1
31660018001;1
31660025001;2
31660026001;8
31663045001;1
31670002001;1
31675047001;1
31675052001;1
31677014001;1
31677015001;1
31677016001;1
31677017001;1
31677021001;1
31677045001;1
31707014001;2
31707023001;2
31707041001;1
31707055001;1
31707075001;1
31707076001;1
31707086001;1
31707941001;1
31709944001;1
31709974001;3
31753028001;1
31761004001;1
31762003001;1
31762007001;1
31762009001;1
31762034001;1
31762901001;1
31801003001;1
31801024001;1
31802032001;2
31821064001;1
31821065001;1
31822063001;1
31822064001;2
31823049001;1
31827008001;1
31827020001;1
31827023001;2
31912024001;1
31912036001;1
31914003001;2
32400180001;1
32403025003;1
32404004002;1
32404033001;1
32410009001;2
32410016001;1
32410019001;1
32410022001;1
32410035001;2
32410102001;1
32411076001;1
32412056001;1
32420004001;1
32420006001;1
32420014001;1
32420015001;1
32421010001;1
32421016001;1
32424001001;1
32431010001;2
32431020001;1
32431035001;2
32431036001;1
32431040001;1
32431067001;1
32470025001;1
32470079001;1
32470093001;1
32500008001;2
32501007001;1
32501008001;2
32501100001;2
32502011001;2
32503007002;1
32503035001;1
32504024001;1
32504025002;2
32504043002;2
32507026001;1
32507027001;2
32510002001;1
32511012001;1
32511021001;1
32514005001;1
32514096001;1
32517006001;2
32517009001;1
32523001001;1
32524032001;1
32600042001;1
33523001001;1
33524002001;1
33550920001;1
33550938001;2
33551004001;1
33551902001;8
33551908001;3
34122003001;1
34123005001;1
34511006001;1
35122015001;1
35131010001;1
35300004001;2
35301005001;3
35301020001;1
35302003001;1
35302015001;1
35302038001;1
35302040001;1
35307005001;1
35307925001;1
35311004001;1
35751018001;2
35751019001;3
35751021001;1
35752005001;1
41100017001;1
41201002001;1
41202003001;1
41212906001;1
41212916001;1
41220010001;1
41223010001;1
41223020001;1
41223066001;1
41232043001;1
41232047001;1
41232052001;1
41234002001;1
41234006001;1
41244001001;1
41300016001;2
41301002001;1
41302006001;1
41302008001;1
41302901001;1
41303011001;1
41303049001;1
41303054001;1
41310001001;1
41313936001;1
41332022001;1
41333047001;1
41401011001;1
41401022001;1
41401040001;1
41401071001;1
41414006001;1
41417001001;1
41417013001;1
41420006001;1
41422018001;1
41521020001;1
41521089001;1
41522003001;3
41522089001;1
41601012001;1
41601014001;1
41601020001;1
42014003001;1
42015012001;1
42613064001;1
60011899001;2
60013027009;1
60014001004;1
61062008001;1
61063005002;1
61064012003;1
61064195002;1
61064197001;1
61070019001;1
61080025003;1
61131059001;1
65011150001;1
65031011001;2
65031047001;1
65031053001;1
65031238001;1
65090016001;1
65103009001;1
65106030001;3
65106036001;1
65106084001;2
