pod_id,item_id,qty,order_id,processed_time,task_type
12,40,9,-44,40,1
12,40,7,-41,40,1
12,28,8,-37,40,1
101,213,6,-7,52,1
193,318,8,-41,58,1
178,115,10,-16,62,1
19,45,6,-41,74,1
36,12,2,-36,81,1
36,59,6,-20,81,1
36,12,6,-20,81,1
33,23,7,-27,90,1
33,23,8,-24,90,1
33,23,10,-7,90,1
33,23,2,-2,90,1
99,376,4,-44,91,1
99,81,8,-30,91,1
43,22,8,-38,96,1
50,13,8,-7,106,1
87,469,2,-41,109,1
97,118,10,-16,112,1
35,45,1,-7,129,1
35,15,11,-2,129,1
31,32,8,-44,130,1
31,102,10,-19,130,1
31,10,5,-30,130,1
10,37,8,-36,130,1
69,494,4,-27,146,1
69,3,8,-2,146,1
16,113,9,-38,151,1
16,9,9,-20,151,1
16,9,9,-16,151,1
14,20,10,-44,154,1
14,20,3,-37,154,1
14,32,6,-37,154,1
14,32,9,-23,154,1
14,36,7,-23,154,1
32,79,8,-7,164,1
34,76,3,-20,170,1
34,4,6,-38,170,1
55,24,8,-37,171,1
67,4,4,-7,182,1
21,4,4,-46,189,1
21,4,2,-38,189,1
42,8,4,-37,191,1
42,133,2,-23,191,1
27,49,7,-7,200,1
18,158,12,-36,207,1
1,69,9,-41,211,1
1,206,6,-19,211,1
1,18,4,-23,211,1
79,114,8,-50,217,1
29,4,6,-20,225,1
49,84,9,-44,231,1
49,84,4,-19,231,1
13,134,10,-7,235,1
26,2,1,-20,246,1
26,2,12,-16,246,1
26,2,8,-14,246,1
30,7,7,-41,250,1
30,7,11,-37,250,1
3,33,5,-2,253,1
23,17,8,-20,264,1
8,167,2,-41,269,1
8,33,7,-23,269,1
20,26,7,-2,271,1
25,47,12,-16,281,1
62,254,5,-2,288,1
22,29,10,-41,289,1
22,78,6,-19,289,1
58,112,4,-2,306,1
7,180,3,-41,311,1
7,19,7,-37,311,1
7,19,3,-23,311,1
7,19,2,-19,311,1
40,29,7,-50,324,1
56,43,10,-37,329,1
156,0,9,-2,342,1
77,157,10,-23,346,1
52,12,7,-49,359,1
102,4,2,-38,365,1
102,4,4,-20,365,1
37,16,2,-37,367,1
37,94,6,-23,367,1
37,16,6,-19,367,1
88,71,8,-49,377,1
96,377,8,-45,380,1
80,267,7,-37,385,1
94,37,12,-49,395,1
54,49,7,-43,396,1
76,1,4,-23,403,1
70,83,6,-45,412,1
61,73,7,-49,413,1
5,3,8,-23,421,1
71,78,6,-45,427,1
207,323,5,-49,431,1
108,114,10,-43,443,1
28,109,1,-37,445,1
28,25,6,-23,445,1
28,109,7,-30,445,1
28,77,8,-23,445,1
28,130,10,-30,445,1
15,280,4,-48,448,1
78,27,8,-39,458,1
46,142,12,-23,462,1
143,185,6,-48,466,1
53,199,6,-35,474,1
44,5,9,-19,480,1
112,13,8,-48,484,1
34,401,7,-31,490,1
6,2,6,-23,498,1
24,21,6,-47,502,1
0,11,8,-23,516,1
157,0,2,-47,519,1
17,58,6,-29,527,1
19,160,6,-42,533,1
59,86,8,-40,537,1
37,89,8,-28,543,1
31,0,8,-42,551,1
290,110,8,-40,555,1
58,27,10,-29,568,1
220,302,4,-19,569,1
43,19,8,-33,573,1
9,81,6,-29,585,1
1,18,6,-34,587,1
84,27,6,-32,590,1
4,34,4,-25,603,1
13,19,5,-19,605,1
21,16,11,-33,608,1
36,173,9,-25,621,1
47,30,6,-19,622,1
75,54,4,-26,626,1
8,36,11,-29,639,1
90,120,7,-34,640,1
30,7,10,-26,644,1
14,32,8,-17,656,1
18,11,8,-22,658,1
42,8,5,-26,661,1
25,80,9,-18,674,1
156,0,4,-22,676,1
54,60,10,-15,679,1
12,9,8,-17,692,1
48,11,4,-21,694,1
35,55,10,-15,697,1
169,444,5,-18,710,1
45,159,6,-21,711,1
69,59,12,-11,715,1
26,34,10,-18,728,1
62,254,8,-21,729,1
67,4,2,-8,733,1
72,248,3,-17,745,1
187,314,5,-22,747,1
49,84,4,-6,751,1
52,138,12,-17,763,1
10,9,6,-21,765,1
27,41,4,-5,769,1
20,31,6,-17,781,1
29,245,4,-12,782,1
40,29,8,-8,787,1
55,128,6,-13,799,1
56,43,6,-12,800,1
3,108,5,-5,805,1
5,18,6,-10,817,1
98,197,4,-3,818,1
127,43,6,2,822,1
22,29,3,-10,834,1
50,38,4,-9,836,1
70,5,2,2,840,1
65,104,4,-4,852,1
23,17,2,-3,854,1
46,9,2,1,858,1
16,113,2,-1,870,1
19,160,2,0,871,1
71,14,12,3,876,1
197,128,6,-1,888,1
1,17,4,0,889,1
61,14,5,1,894,1
43,19,4,-1,905,1
34,6,6,0,907,1
60,169,12,2,911,1
76,15,9,4,923,1
44,5,1,0,925,1
75,54,6,6,929,1
42,458,7,4,941,1
216,128,8,0,943,1
106,4,4,-8,947,1
13,19,7,8,959,1
89,371,2,0,960,1
30,7,2,6,965,1
18,6,10,9,977,1
9,48,6,5,978,1
74,156,2,6,983,1
159,393,10,7,996,1
250,335,10,8,996,1
250,19,7,-1,996,1
116,4,4,11,1006,1
7,262,6,5,1013,1
33,3,5,9,1014,1
31,0,9,11,1024,1
119,5,6,10,1031,1
21,327,2,9,1031,1
69,59,2,11,1042,1
12,9,6,9,1049,1
0,13,3,10,1049,1
63,9,8,11,1060,1
6,2,12,9,1067,1
206,338,6,10,1067,1
115,3,3,11,1078,1
62,178,8,10,1085,1
58,8,7,12,1085,1
178,364,7,11,1095,1
47,29,10,10,1102,1
51,35,3,12,1102,1
26,46,5,11,1113,1
79,114,6,10,1120,1
20,26,6,14,1120,1
66,188,8,18,1131,1
48,330,12,10,1138,1
10,37,8,12,1138,1
158,2,3,16,1149,1
54,49,5,10,1156,1
88,113,2,-1,1156,1
78,154,8,18,1167,1
132,105,1,10,1173,1
108,23,4,17,1184,1
102,46,8,13,1191,1
160,70,12,18,1202,1
146,105,8,13,1209,1
161,2,8,19,1210,1
56,43,2,18,1220,1
57,19,3,8,1225,1
49,12,8,13,1227,1
77,35,2,18,1238,1
94,37,10,19,1241,1
110,135,7,13,1245,1
68,62,9,18,1256,1
71,63,9,19,1256,1
14,20,6,13,1262,1
39,26,7,19,1272,1
2,324,6,16,1273,1
27,71,4,13,1280,1
128,99,8,18,1291,1
97,14,5,10,1298,1
241,114,10,18,1309,1
36,35,7,10,1315,1
103,12,8,20,1327,1
84,27,2,25,1328,1
92,117,7,10,1333,1
76,1,10,27,1344,1
147,4,6,22,1345,1
99,93,8,10,1351,1
172,23,3,22,1362,1
12,418,2,27,1363,1
37,154,9,10,1369,1
11,450,10,22,1380,1
25,47,8,10,1387,1
177,2,9,22,1398,1
15,116,4,21,1405,1
19,160,2,30,1406,1
156,0,6,22,1416,1
79,1,5,30,1422,1
59,64,4,21,1422,1
9,91,5,26,1434,1
6,2,6,28,1437,1
34,76,4,23,1440,1
7,183,3,26,1451,1
4,102,10,13,1458,1
18,1,5,26,1469,1
53,2,12,13,1476,1
284,489,8,26,1487,1
157,0,6,31,1488,1
50,38,4,24,1493,1
10,46,12,31,1504,1
196,163,3,26,1505,1
133,5,4,13,1511,1
