sequence_id,order_id,order_type,item_id,item_quantity,order_arrival
1,-49,1,799,8,0
2,-48,1,762,4,0
3,-48,1,805,6,0
4,-48,1,785,4,0
5,-47,1,737,10,0
6,-46,1,799,11,0
7,-46,1,813,4,0
8,-45,1,799,6,0
9,-44,1,742,2,0
10,-44,1,767,7,0
11,-44,1,760,8,0
12,-43,1,799,3,0
13,-42,1,799,6,0
14,-41,1,746,5,0
15,-40,1,743,4,0
16,-38,1,775,4,0
17,-37,1,764,12,0
18,-36,1,785,11,0
19,-35,1,768,4,0
20,-33,1,762,2,0
21,-33,1,775,10,0
22,-33,1,770,8,0
23,-33,1,761,4,0
24,-32,1,767,11,0
25,-31,1,748,4,0
26,-31,1,790,11,0
27,-31,1,818,11,0
28,-30,1,774,3,0
29,-29,1,768,7,0
30,-28,1,822,6,0
31,-27,1,808,6,0
32,-27,1,746,12,0
33,-26,1,758,9,0
34,-26,1,749,7,0
35,-25,1,820,4,0
36,-25,1,785,6,0
37,-25,1,771,8,0
38,-25,1,752,4,0
39,-25,1,803,6,0
40,-25,1,804,6,0
41,-25,1,795,4,0
42,-24,1,757,6,0
43,-24,1,754,3,0
44,-24,1,744,9,0
45,-24,1,771,2,0
46,-23,1,816,6,0
47,-23,1,758,1,0
48,-22,1,816,8,0
49,-22,1,746,7,0
50,-21,1,740,11,0
51,-20,1,802,4,0
52,-20,1,770,6,0
53,-20,1,754,8,0
54,-20,1,795,11,0
55,-20,1,822,8,0
56,-20,1,790,8,0
57,-20,1,742,4,0
58,-19,1,768,8,0
59,-17,1,782,5,0
60,-17,1,762,5,0
61,-17,1,785,8,0
62,-17,1,768,1,0
63,-16,1,760,8,0
64,-14,1,764,6,0
65,-14,1,818,2,0
66,-14,1,814,1,0
67,-14,1,793,8,0
68,-14,1,757,2,0
69,-14,1,799,5,0
70,-13,1,789,11,0
71,-13,1,805,4,0
72,-13,1,764,8,0
73,-13,1,756,4,0
74,-13,1,754,6,0
75,-13,1,742,10,0
76,-13,1,762,7,0
77,-13,1,785,8,0
78,-12,1,746,8,0
79,-11,1,771,10,0
80,-11,1,813,6,0
81,-11,1,799,7,0
82,-11,1,744,6,0
83,-11,1,784,6,0
84,-11,1,739,4,0
85,-11,1,776,5,0
86,-10,1,822,8,0
87,-8,1,769,4,0
88,-8,1,747,8,0
89,-8,1,785,7,0
90,-5,1,822,3,0
91,-5,1,742,10,0
92,-5,1,764,7,0
93,-2,1,742,5,0
94,-2,1,781,2,0
95,-50,1,743,6,0
96,-49,1,762,6,0
97,-48,1,790,4,0
98,-48,1,785,3,0
99,-48,1,810,6,0
100,-48,1,766,4,0
101,-47,1,760,7,0
102,-47,1,754,3,0
103,-46,1,806,4,0
104,-46,1,782,10,0
105,-46,1,776,10,0
106,-46,1,749,3,0
107,-46,1,777,10,0
108,-45,1,785,9,0
109,-45,1,742,6,0
110,-41,1,746,4,0
111,-41,1,760,3,0
112,-40,1,811,4,0
113,-39,1,776,6,0
114,-38,1,770,11,0
115,-37,1,811,4,0
116,-37,1,771,6,0
117,-36,1,734,10,0
118,-36,1,759,8,0
119,-36,1,795,6,0
120,-36,1,801,4,0
121,-36,1,785,2,0
122,-36,1,823,9,0
123,-33,1,754,10,0
124,-33,1,775,10,0
125,-33,1,797,5,0
126,-32,1,821,6,0
127,-31,1,806,3,0
128,-31,1,772,6,0
129,-31,1,800,4,0
130,-31,1,773,7,0
131,-31,1,810,8,0
132,-31,1,794,10,0
133,-31,1,775,10,0
134,-30,1,811,11,0
135,-29,1,783,2,0
136,-29,1,785,9,0
137,-28,1,810,6,0
138,-27,1,799,4,0
139,-27,1,786,2,0
140,-26,1,757,12,0
141,-26,1,767,12,0
142,-24,1,787,3,0
143,-23,1,762,8,0
144,-23,1,760,1,0
145,-23,1,759,8,0
146,-22,1,769,8,0
147,-22,1,770,8,0
148,-21,1,794,10,0
149,-20,1,754,6,0
150,-20,1,806,9,0
151,-19,1,782,6,0
152,-19,1,770,6,0
153,-18,1,771,7,0
154,-17,1,819,4,0
155,-16,1,792,6,0
156,-15,1,765,7,0
157,-14,1,734,6,0
158,-14,1,754,8,0
159,-14,1,757,10,0
160,-13,1,791,6,0
161,-10,1,816,9,0
162,-10,1,771,10,0
163,-9,1,749,10,0
164,-9,1,797,2,0
165,-9,1,762,8,0
166,-8,1,740,10,0
167,-8,1,735,5,0
168,-8,1,822,4,0
169,-7,1,739,9,0
170,-5,1,757,11,0
171,-3,1,799,6,0
172,-3,1,810,7,0
173,-2,1,771,11,0
174,-2,1,790,7,0
175,-2,1,823,4,0
176,-2,1,794,6,0
177,-1,1,767,4,0
178,-50,1,823,7,0
179,-50,1,743,7,0
180,-50,1,742,6,0
181,-50,1,749,8,0
182,-50,1,822,8,0
183,-50,1,795,5,0
184,-49,1,769,10,0
185,-47,1,793,9,0
186,-47,1,742,8,0
187,-47,1,769,12,0
188,-47,1,740,6,0
189,-47,1,799,3,0
190,-46,1,813,12,0
191,-46,1,799,2,0
192,-45,1,743,8,0
193,-44,1,821,7,0
194,-44,1,771,10,0
195,-44,1,742,9,0
196,-44,1,743,2,0
197,-43,1,799,2,0
198,-43,1,790,3,0
199,-43,1,792,4,0
200,-43,1,772,7,0
201,-43,1,751,6,0
202,-42,1,741,7,0
203,-41,1,780,4,0
204,-41,1,754,8,0
205,-40,1,775,6,0
206,-40,1,752,8,0
207,-40,1,770,10,0
208,-39,1,823,12,0
209,-39,1,760,10,0
210,-39,1,795,8,0
211,-39,1,757,11,0
212,-39,1,749,6,0
213,-38,1,772,10,0
214,-38,1,810,10,0
215,-37,1,795,6,0
216,-36,1,794,6,0
217,-33,1,807,2,0
218,-33,1,805,1,0
219,-32,1,788,10,0
220,-32,1,770,11,0
221,-31,1,742,10,0
222,-31,1,762,6,0
223,-30,1,822,8,0
224,-30,1,796,4,0
225,-28,1,740,5,0
226,-28,1,770,2,0
227,-26,1,770,10,0
228,-25,1,771,8,0
229,-24,1,745,9,0
230,-24,1,762,12,0
231,-23,1,816,11,0
232,-23,1,748,5,0
233,-23,1,775,10,0
234,-22,1,771,10,0
235,-21,1,771,8,0
236,-20,1,750,6,0
237,-20,1,751,10,0
238,-20,1,808,4,0
239,-20,1,767,1,0
240,-20,1,822,5,0
241,-19,1,752,2,0
242,-19,1,777,1,0
243,-18,1,742,4,0
244,-18,1,768,2,0
245,-17,1,822,6,0
246,-17,1,819,2,0
247,-17,1,804,1,0
248,-17,1,785,1,0
249,-17,1,814,4,0
250,-17,1,737,9,0
251,-17,1,817,2,0
252,-16,1,814,9,0
253,-16,1,810,7,0
254,-16,1,785,5,0
255,-16,1,799,2,0
256,-16,1,774,4,0
257,-15,1,762,4,0
258,-14,1,807,10,0
259,-13,1,822,9,0
260,-12,1,752,8,0
261,-11,1,750,6,0
262,-11,1,795,8,0
263,-11,1,810,4,0
264,-10,1,740,8,0
265,-9,1,754,5,0
266,-9,1,785,8,0
267,-9,1,735,8,0
268,-8,1,777,8,0
269,-7,1,793,6,0
270,-6,1,760,4,0
271,-6,1,756,8,0
272,-6,1,757,7,0
273,-5,1,757,4,0
274,-4,1,751,8,0
275,-4,1,762,1,0
276,-1,1,822,7,0
277,-49,1,822,5,0
278,-49,1,742,5,0
279,-49,1,737,6,0
280,-49,1,746,8,0
281,-49,1,783,5,0
282,-49,1,794,7,0
283,-49,1,814,6,0
284,-49,1,806,6,0
285,-48,1,757,2,0
286,-48,1,759,6,0
287,-48,1,762,9,0
288,-48,1,772,2,0
289,-47,1,793,3,0
290,-47,1,767,2,0
291,-47,1,762,12,0
292,-47,1,795,10,0
293,-47,1,771,6,0
294,-47,1,787,12,0
295,-46,1,744,10,0
296,-46,1,739,5,0
297,-46,1,770,10,0
298,-46,1,793,10,0
299,-46,1,765,7,0
300,-46,1,769,3,0
301,-46,1,740,7,0
302,-44,1,760,8,0
303,-43,1,743,4,0
304,-43,1,746,2,0
305,-43,1,771,5,0
306,-42,1,739,8,0
307,-42,1,764,5,0
308,-42,1,753,9,0
309,-42,1,785,6,0
310,-41,1,795,8,0
311,-41,1,742,6,0
312,-39,1,789,4,0
313,-38,1,800,8,0
314,-38,1,820,9,0
315,-38,1,795,8,0
316,-37,1,808,6,0
317,-36,1,765,2,0
318,-36,1,804,7,0
319,-36,1,806,6,0
320,-35,1,797,8,0
321,-35,1,746,11,0
322,-34,1,764,10,0
323,-33,1,770,7,0
324,-33,1,762,6,0
325,-33,1,771,3,0
326,-32,1,819,4,0
327,-32,1,784,6,0
328,-31,1,749,8,0
329,-31,1,799,6,0
330,-29,1,799,10,0
331,-27,1,775,4,0
332,-27,1,752,7,0
333,-27,1,803,9,0
334,-27,1,734,1,0
335,-26,1,816,7,0
336,-25,1,755,2,0
337,-25,1,734,6,0
338,-23,1,759,12,0
339,-22,1,799,9,0
340,-22,1,809,7,0
341,-21,1,762,5,0
342,-18,1,823,10,0
343,-17,1,786,7,0
344,-17,1,754,3,0
345,-16,1,778,6,0
346,-16,1,806,6,0
347,-16,1,801,6,0
348,-16,1,813,6,0
349,-16,1,739,7,0
350,-16,1,762,4,0
351,-12,1,777,6,0
352,-11,1,763,8,0
353,-11,1,762,10,0
354,-11,1,757,5,0
355,-10,1,760,7,0
356,-10,1,769,12,0
357,-9,1,816,8,0
358,-8,1,823,7,0
359,-7,1,750,10,0
360,-7,1,799,6,0
361,-7,1,791,10,0
362,-6,1,770,10,0
363,-5,1,771,4,0
364,-4,1,758,6,0
365,-2,1,771,9,0
366,-1,1,795,5,0
367,-50,1,823,6,0
368,-49,1,767,8,0
369,-48,1,806,8,0
370,-48,1,742,8,0
371,-46,1,771,8,0
372,-46,1,784,8,0
373,-45,1,793,6,0
374,-45,1,768,4,0
375,-44,1,771,8,0
376,-44,1,816,2,0
377,-44,1,765,8,0
378,-44,1,734,12,0
379,-43,1,799,2,0
380,-43,1,821,7,0
381,-42,1,750,5,0
382,-41,1,783,2,0
383,-40,1,778,9,0
384,-38,1,754,10,0
385,-38,1,764,2,0
386,-38,1,770,2,0
387,-37,1,753,4,0
388,-36,1,770,4,0
389,-36,1,765,7,0
390,-36,1,785,6,0
391,-35,1,748,2,0
392,-34,1,758,8,0
393,-32,1,770,6,0
394,-32,1,762,4,0
395,-29,1,762,2,0
396,-29,1,757,8,0
397,-29,1,747,8,0
398,-29,1,809,1,0
399,-28,1,784,10,0
400,-28,1,771,11,0
401,-27,1,799,8,0
402,-27,1,740,6,0
403,-27,1,742,3,0
404,-27,1,754,8,0
405,-26,1,740,9,0
406,-26,1,759,7,0
407,-26,1,822,7,0
408,-25,1,740,4,0
409,-24,1,785,2,0
410,-24,1,799,9,0
411,-24,1,795,5,0
412,-24,1,743,10,0
413,-23,1,739,8,0
414,-23,1,777,2,0
415,-23,1,766,1,0
416,-20,1,791,10,0
417,-20,1,750,2,0
418,-19,1,806,10,0
419,-19,1,763,6,0
420,-18,1,770,10,0
421,-18,1,764,8,0
422,-18,1,762,11,0
423,-18,1,739,6,0
424,-18,1,760,8,0
425,-18,1,785,6,0
426,-18,1,802,8,0
427,-18,1,806,8,0
428,-18,1,736,6,0
429,-17,1,734,7,0
430,-17,1,808,9,0
431,-16,1,765,1,0
432,-16,1,795,5,0
433,-16,1,762,5,0
434,-16,1,744,8,0
435,-16,1,782,8,0
436,-15,1,743,7,0
437,-14,1,795,3,0
438,-14,1,822,10,0
439,-13,1,791,4,0
440,-12,1,777,10,0
441,-12,1,762,6,0
442,-12,1,802,10,0
443,-11,1,805,6,0
444,-11,1,770,10,0
445,-11,1,765,5,0
446,-8,1,809,1,0
447,-7,1,806,12,0
448,-7,1,820,1,0
449,-6,1,807,8,0
450,-5,1,787,8,0
451,-3,1,747,9,0
452,-3,1,770,3,0
453,-2,1,758,8,0
454,-1,1,762,6,0
455,-50,1,822,9,0
456,-50,1,769,4,0
457,-50,1,793,1,0
458,-50,1,785,8,0
459,-50,1,739,10,0
460,-49,1,765,7,0
461,-49,1,806,4,0
462,-49,1,772,7,0
463,-48,1,754,6,0
464,-47,1,734,10,0
465,-47,1,769,6,0
466,-45,1,802,10,0
467,-44,1,741,8,0
468,-42,1,799,10,0
469,-41,1,754,5,0
470,-41,1,809,10,0
471,-40,1,740,2,0
472,-40,1,772,3,0
473,-38,1,775,10,0
474,-35,1,756,3,0
475,-34,1,762,9,0
476,-33,1,799,5,0
477,-32,1,818,4,0
478,-29,1,767,12,0
479,-27,1,806,8,0
480,-26,1,795,8,0
481,-26,1,762,4,0
482,-26,1,784,12,0
483,-23,1,814,8,0
484,-23,1,813,10,0
485,-21,1,762,6,0
486,-21,1,799,8,0
487,-20,1,800,6,0
488,-17,1,808,3,0
489,-16,1,738,8,0
490,-16,1,806,8,0
491,-16,1,770,11,0
492,-16,1,763,4,0
493,-15,1,771,8,0
494,-13,1,799,12,0
495,-12,1,819,9,0
496,-12,1,795,8,0
497,-12,1,788,6,0
498,-10,1,762,4,0
499,-10,1,799,12,0
500,-9,1,793,6,0
501,-9,1,772,2,0
502,-8,1,795,3,0
503,-8,1,798,11,0
504,-8,1,767,7,0
505,-7,1,743,10,0
506,-6,1,771,6,0
507,-6,1,770,4,0
508,-3,1,772,5,0
509,-3,1,773,10,0
510,-2,1,770,2,0
511,-2,1,769,7,0
512,-2,1,796,9,0
513,-2,1,804,3,0
514,-2,1,766,5,0
515,-1,1,737,4,0
516,-1,1,771,4,0
517,-50,1,781,4,0
518,-47,1,810,4,0
519,-47,1,806,8,0
520,-47,1,794,4,0
521,-46,1,754,8,0
522,-45,1,771,9,0
523,-45,1,740,10,0
524,-45,1,806,8,0
525,-43,1,772,8,0
526,-43,1,777,7,0
527,-43,1,770,2,0
528,-42,1,802,3,0
529,-41,1,790,8,0
530,-40,1,799,6,0
531,-39,1,798,5,0
532,-39,1,772,4,0
533,-39,1,779,11,0
534,-39,1,738,9,0
535,-38,1,765,9,0
536,-35,1,794,6,0
537,-35,1,775,12,0
538,-35,1,762,6,0
539,-35,1,769,6,0
540,-34,1,761,2,0
541,-34,1,802,11,0
542,-32,1,757,4,0
543,-32,1,771,2,0
544,-31,1,770,2,0
545,-29,1,805,8,0
546,-27,1,810,10,0
547,-27,1,816,9,0
548,-26,1,771,10,0
549,-26,1,750,7,0
550,-25,1,794,6,0
551,-23,1,785,6,0
552,-22,1,799,3,0
553,-22,1,816,10,0
554,-21,1,739,6,0
555,-21,1,762,9,0
556,-21,1,760,6,0
557,-20,1,760,10,0
558,-20,1,785,5,0
559,-20,1,770,12,0
560,-20,1,771,8,0
561,-20,1,764,4,0
562,-20,1,758,4,0
563,-20,1,757,7,0
564,-19,1,777,1,0
565,-19,1,806,2,0
566,-18,1,770,6,0
567,-17,1,760,8,0
568,-17,1,740,3,0
569,-17,1,822,6,0
570,-16,1,760,3,0
571,-15,1,762,6,0
572,-15,1,823,11,0
573,-15,1,784,8,0
574,-15,1,746,6,0
575,-14,1,799,4,0
576,-13,1,785,8,0
577,-12,1,823,8,0
578,-11,1,785,10,0
579,-10,1,753,3,0
580,-9,1,777,3,0
581,-9,1,769,4,0
582,-9,1,749,4,0
583,-9,1,799,5,0
584,-8,1,757,12,0
585,-6,1,793,10,0
586,-5,1,777,6,0
587,-4,1,758,10,0
588,-3,1,755,11,0
589,-1,1,822,8,0
590,-1,1,758,8,0
591,-50,1,769,6,0
592,-49,1,739,5,0
593,-49,1,815,12,0
594,-49,1,785,4,0
595,-49,1,800,8,0
596,-49,1,772,4,0
597,-49,1,761,10,0
598,-49,1,762,5,0
599,-49,1,822,10,0
600,-48,1,785,2,0
601,-48,1,762,9,0
602,-48,1,771,11,0
603,-48,1,744,8,0
604,-47,1,812,8,0
605,-46,1,742,12,0
606,-46,1,803,10,0
607,-45,1,806,4,0
608,-45,1,750,8,0
609,-45,1,776,3,0
610,-45,1,742,4,0
611,-43,1,759,12,0
612,-43,1,762,10,0
613,-43,1,747,4,0
614,-43,1,822,6,0
615,-42,1,754,6,0
616,-41,1,750,3,0
617,-40,1,816,7,0
618,-39,1,768,7,0
619,-39,1,740,2,0
620,-38,1,767,8,0
621,-37,1,772,10,0
622,-37,1,775,6,0
623,-34,1,744,6,0
624,-34,1,799,7,0
625,-34,1,759,8,0
626,-34,1,784,10,0
627,-33,1,758,7,0
628,-33,1,770,6,0
629,-33,1,777,3,0
630,-33,1,740,7,0
631,-33,1,757,10,0
632,-33,1,805,10,0
633,-33,1,780,9,0
634,-33,1,793,7,0
635,-32,1,794,3,0
636,-31,1,757,8,0
637,-31,1,816,6,0
638,-31,1,760,8,0
639,-30,1,771,6,0
640,-30,1,821,9,0
641,-30,1,739,10,0
642,-30,1,749,12,0
643,-30,1,799,6,0
644,-30,1,765,6,0
645,-30,1,742,11,0
646,-29,1,775,2,0
647,-28,1,762,8,0
648,-27,1,787,8,0
649,-27,1,809,12,0
650,-26,1,793,7,0
651,-25,1,822,6,0
652,-25,1,746,8,0
653,-25,1,759,6,0
654,-24,1,769,10,0
655,-24,1,799,5,0
656,-24,1,770,1,0
657,-23,1,740,8,0
658,-23,1,808,8,0
659,-23,1,779,12,0
660,-22,1,750,10,0
661,-22,1,769,2,0
662,-22,1,771,6,0
663,-19,1,775,10,0
664,-19,1,799,4,0
665,-18,1,771,3,0
666,-18,1,744,4,0
667,-18,1,743,10,0
668,-16,1,751,6,0
669,-16,1,746,6,0
670,-16,1,800,7,0
671,-16,1,749,6,0
672,-16,1,794,8,0
673,-16,1,755,3,0
674,-16,1,742,11,0
675,-15,1,777,6,0
676,-15,1,769,10,0
677,-14,1,799,2,0
678,-13,1,739,8,0
679,-12,1,799,1,0
680,-12,1,816,4,0
681,-12,1,785,9,0
682,-12,1,784,5,0
683,-11,1,757,6,0
684,-10,1,740,12,0
685,-8,1,762,7,0
686,-8,1,773,4,0
687,-7,1,802,12,0
688,-6,1,770,3,0
689,-5,1,761,9,0
690,-4,1,799,6,0
691,-3,1,820,5,0
692,-3,1,799,6,0
693,-2,1,740,2,0
694,-1,1,817,8,0
695,-1,1,753,7,0
696,-1,1,791,4,0
697,-50,1,736,8,0
698,-49,1,769,7,0
699,-48,1,764,8,0
700,-48,1,771,8,0
701,-48,1,769,8,0
702,-46,1,799,12,0
703,-46,1,823,4,0
704,-46,1,813,12,0
705,-46,1,769,4,0
706,-45,1,781,10,0
707,-45,1,819,8,0
708,-44,1,814,10,0
709,-43,1,817,8,0
710,-41,1,742,8,0
711,-41,1,734,10,0
712,-40,1,762,6,0
713,-39,1,791,3,0
714,-39,1,786,10,0
715,-39,1,754,9,0
716,-39,1,770,10,0
717,-38,1,760,10,0
718,-38,1,757,7,0
719,-38,1,799,2,0
720,-38,1,762,8,0
721,-37,1,822,6,0
722,-30,1,738,6,0
723,-30,1,807,6,0
724,-30,1,773,10,0
725,-29,1,785,6,0
726,-28,1,799,8,0
727,-26,1,775,1,0
728,-26,1,796,4,0
729,-26,1,787,8,0
730,-21,1,816,7,0
731,-20,1,785,6,0
732,-20,1,822,4,0
733,-19,1,791,8,0
734,-19,1,785,8,0
735,-19,1,823,6,0
736,-17,1,806,10,0
737,-16,1,822,6,0
738,-16,1,799,10,0
739,-16,1,811,8,0
740,-16,1,750,6,0
741,-14,1,789,8,0
742,-13,1,767,8,0
743,-13,1,736,5,0
744,-12,1,786,7,0
745,-12,1,772,3,0
746,-11,1,802,6,0
747,-10,1,805,11,0
748,-8,1,746,8,0
749,-7,1,808,10,0
750,-7,1,737,8,0
751,-7,1,802,1,0
752,-7,1,822,2,0
753,-7,1,762,6,0
754,-7,1,755,6,0
755,-6,1,807,11,0
756,-5,1,798,4,0
757,-4,1,800,10,0
758,-3,1,814,6,0
759,-1,1,799,8,0
760,-49,1,771,4,0
761,-48,1,771,2,0
762,-47,1,769,4,0
763,-45,1,776,8,0
764,-45,1,771,4,0
765,-45,1,770,12,0
766,-45,1,751,5,0
767,-43,1,751,10,0
768,-43,1,799,5,0
769,-43,1,771,8,0
770,-43,1,757,8,0
771,-42,1,806,5,0
772,-41,1,769,8,0
773,-41,1,747,4,0
774,-41,1,785,10,0
775,-40,1,785,12,0
776,-39,1,789,3,0
777,-39,1,744,7,0
778,-35,1,818,10,0
779,-34,1,793,1,0
780,-34,1,739,7,0
781,-34,1,816,6,0
782,-34,1,764,4,0
783,-33,1,753,11,0
784,-32,1,818,5,0
785,-32,1,808,8,0
786,-31,1,754,3,0
787,-31,1,764,9,0
788,-31,1,812,8,0
789,-30,1,764,2,0
790,-30,1,771,10,0
791,-29,1,822,8,0
792,-29,1,762,8,0
793,-29,1,793,12,0
794,-29,1,767,8,0
795,-29,1,740,3,0
796,-28,1,747,4,0
797,-28,1,814,8,0
798,-28,1,768,6,0
799,-27,1,767,3,0
800,-26,1,788,6,0
801,-25,1,762,6,0
802,-25,1,782,6,0
803,-25,1,767,4,0
804,-25,1,770,4,0
805,-24,1,799,6,0
806,-23,1,785,10,0
807,-23,1,782,12,0
808,-23,1,822,4,0
809,-21,1,736,11,0
810,-19,1,821,9,0
811,-18,1,752,6,0
812,-16,1,758,4,0
813,-14,1,775,6,0
814,-14,1,785,6,0
815,-13,1,760,6,0
816,-13,1,757,8,0
817,-12,1,781,6,0
818,-12,1,752,4,0
819,-12,1,770,4,0
820,-12,1,757,11,0
821,-11,1,773,10,0
822,-10,1,762,4,0
823,-9,1,735,6,0
824,-9,1,794,1,0
825,-8,1,782,9,0
826,-8,1,797,8,0
827,-8,1,780,2,0
828,-6,1,772,6,0
829,-6,1,734,2,0
830,-6,1,814,6,0
831,-4,1,742,8,0
832,-4,1,764,10,0
833,-2,1,775,11,0
834,-1,1,822,8,0
835,-1,1,799,10,0
836,-1,1,748,3,0
837,-50,1,803,5,0
838,-49,1,749,4,0
839,-47,1,799,4,0
840,-46,1,771,9,0
841,-45,1,758,7,0
842,-45,1,792,8,0
843,-45,1,813,5,0
844,-45,1,793,8,0
845,-44,1,750,12,0
846,-44,1,816,9,0
847,-43,1,754,3,0
848,-42,1,772,10,0
849,-42,1,771,2,0
850,-42,1,755,3,0
851,-42,1,774,2,0
852,-40,1,754,5,0
853,-40,1,819,4,0
854,-40,1,795,6,0
855,-40,1,752,6,0
856,-37,1,769,10,0
857,-37,1,799,1,0
858,-37,1,810,10,0
859,-36,1,797,2,0
860,-35,1,794,7,0
861,-34,1,772,10,0
862,-32,1,793,10,0
863,-30,1,754,7,0
864,-29,1,795,8,0
865,-28,1,756,8,0
866,-27,1,820,5,0
867,-27,1,770,1,0
868,-27,1,795,12,0
869,-27,1,808,4,0
870,-27,1,736,6,0
871,-26,1,787,6,0
872,-26,1,795,6,0
873,-26,1,736,4,0
874,-26,1,776,4,0
875,-26,1,761,8,0
876,-26,1,813,4,0
877,-25,1,767,4,0
878,-25,1,761,6,0
879,-25,1,808,11,0
880,-25,1,793,3,0
881,-25,1,770,6,0
882,-25,1,800,3,0
883,-25,1,785,4,0
884,-25,1,740,2,0
885,-24,1,754,2,0
886,-23,1,813,4,0
887,-22,1,818,6,0
888,-22,1,745,6,0
889,-22,1,748,12,0
890,-22,1,819,12,0
891,-22,1,767,4,0
892,-22,1,799,7,0
893,-21,1,810,4,0
894,-21,1,743,8,0
895,-20,1,802,6,0
896,-20,1,778,9,0
897,-20,1,794,2,0
898,-20,1,810,4,0
899,-19,1,762,7,0
900,-19,1,765,4,0
901,-19,1,749,9,0
902,-19,1,769,7,0
903,-19,1,751,12,0
904,-19,1,789,3,0
905,-19,1,754,10,0
906,-19,1,764,3,0
907,-18,1,760,8,0
908,-18,1,769,4,0
909,-18,1,762,6,0
910,-18,1,805,4,0
911,-18,1,757,10,0
912,-18,1,789,3,0
913,-18,1,767,8,0
914,-17,1,757,8,0
915,-16,1,790,2,0
916,-15,1,818,8,0
917,-15,1,745,8,0
918,-15,1,747,2,0
919,-15,1,766,8,0
920,-13,1,822,8,0
921,-13,1,746,5,0
922,-12,1,742,8,0
923,-11,1,764,4,0
924,-10,1,811,1,0
925,-10,1,793,6,0
926,-8,1,785,1,0
927,-8,1,743,10,0
928,-7,1,816,5,0
929,-5,1,817,4,0
930,-5,1,819,8,0
931,-3,1,750,4,0
932,-3,1,817,5,0
933,-3,1,762,8,0
934,-50,1,822,4,0
935,-50,1,762,2,0
936,-49,1,757,11,0
937,-49,1,760,4,0
938,-49,1,737,12,0
939,-49,1,814,4,0
940,-48,1,737,6,0
941,-48,1,770,7,0
942,-48,1,762,4,0
943,-48,1,799,11,0
944,-48,1,772,11,0
945,-47,1,786,10,0
946,-47,1,815,5,0
947,-45,1,819,3,0
948,-44,1,762,5,0
949,-44,1,769,5,0
950,-44,1,753,4,0
951,-44,1,739,12,0
952,-42,1,757,10,0
953,-42,1,785,4,0
954,-42,1,808,2,0
955,-41,1,797,12,0
956,-40,1,754,10,0
957,-39,1,812,6,0
958,-39,1,777,9,0
959,-38,1,744,9,0
960,-38,1,770,3,0
961,-38,1,822,12,0
962,-37,1,769,3,0
963,-37,1,756,4,0
964,-37,1,785,11,0
965,-36,1,777,8,0
966,-35,1,767,7,0
967,-34,1,734,12,0
968,-32,1,765,12,0
969,-31,1,762,5,0
970,-30,1,772,11,0
971,-30,1,775,11,0
972,-30,1,743,4,0
973,-29,1,760,4,0
974,-29,1,765,8,0
975,-28,1,743,4,0
976,-28,1,769,6,0
977,-27,1,771,7,0
978,-27,1,813,2,0
979,-27,1,801,5,0
980,-26,1,785,8,0
981,-26,1,750,10,0
982,-26,1,789,4,0
983,-26,1,744,1,0
984,-25,1,823,9,0
985,-25,1,740,9,0
986,-25,1,754,3,0
987,-24,1,743,7,0
988,-24,1,822,6,0
989,-23,1,800,6,0
990,-23,1,770,4,0
991,-21,1,744,2,0
992,-21,1,775,6,0
993,-19,1,734,6,0
994,-19,1,799,7,0
995,-18,1,758,9,0
996,-18,1,770,10,0
997,-18,1,780,2,0
998,-18,1,739,8,0
999,-18,1,751,11,0
1000,-18,1,740,5,0
1001,-17,1,740,11,0
1002,-17,1,772,8,0
1003,-16,1,754,11,0
1004,-15,1,762,11,0
1005,-15,1,740,4,0
1006,-14,1,794,6,0
1007,-14,1,777,10,0
1008,-13,1,767,11,0
1009,-13,1,771,5,0
1010,-12,1,740,5,0
1011,-12,1,751,9,0
1012,-12,1,762,6,0
1013,-12,1,744,10,0
1014,-12,1,795,6,0
1015,-11,1,795,8,0
1016,-10,1,769,4,0
1017,-10,1,784,7,0
1018,-10,1,760,8,0
1019,-10,1,772,10,0
1020,-10,1,798,4,0
1021,-9,1,746,8,0
1022,-8,1,810,6,0
1023,-8,1,738,12,0
1024,-8,1,754,3,0
1025,-8,1,744,8,0
1026,-8,1,737,6,0
1027,-7,1,772,4,0
1028,-6,1,749,2,0
1029,-5,1,771,10,0
1030,-3,1,796,2,0
1031,-3,1,755,7,0
1032,-1,1,762,3,0
1033,-50,1,751,7,0
1034,-50,1,764,12,0
1035,-49,1,777,11,0
1036,-48,1,757,8,0
1037,-48,1,813,10,0
1038,-47,1,760,9,0
1039,-45,1,761,8,0
1040,-45,1,822,10,0
1041,-45,1,820,9,0
1042,-44,1,784,8,0
1043,-44,1,735,3,0
1044,-44,1,763,2,0
1045,-44,1,737,11,0
1046,-43,1,822,9,0
1047,-42,1,753,7,0
1048,-42,1,740,1,0
1049,-41,1,744,6,0
1050,-40,1,762,7,0
1051,-40,1,802,12,0
1052,-40,1,799,10,0
1053,-39,1,744,12,0
1054,-39,1,762,12,0
1055,-38,1,762,3,0
1056,-37,1,771,3,0
1057,-37,1,775,9,0
1058,-37,1,810,8,0
1059,-37,1,818,10,0
1060,-37,1,802,4,0
1061,-37,1,753,8,0
1062,-37,1,784,5,0
1063,-36,1,760,4,0
1064,-36,1,785,8,0
1065,-36,1,823,9,0
1066,-35,1,785,4,0
1067,-35,1,806,10,0
1068,-35,1,744,6,0
1069,-32,1,760,3,0
1070,-32,1,782,4,0
1071,-31,1,771,4,0
1072,-31,1,762,6,0
1073,-31,1,744,6,0
1074,-31,1,813,7,0
1075,-31,1,779,6,0
1076,-29,1,782,3,0
1077,-29,1,784,9,0
1078,-29,1,799,12,0
1079,-29,1,811,4,0
1080,-28,1,770,5,0
1081,-27,1,798,11,0
1082,-26,1,822,12,0
1083,-25,1,778,8,0
1084,-25,1,760,6,0
1085,-25,1,740,9,0
1086,-24,1,799,6,0
1087,-24,1,738,1,0
1088,-24,1,788,8,0
1089,-24,1,765,4,0
1090,-23,1,810,12,0
1091,-23,1,793,8,0
1092,-23,1,777,1,0
1093,-22,1,760,9,0
1094,-22,1,739,4,0
1095,-22,1,808,8,0
1096,-22,1,822,8,0
1097,-22,1,788,7,0
1098,-22,1,802,7,0
1099,-22,1,775,8,0
1100,-22,1,764,9,0
1101,-22,1,795,11,0
1102,-21,1,760,2,0
1103,-20,1,743,6,0
1104,-19,1,780,10,0
1105,-19,1,799,7,0
1106,-18,1,765,4,0
1107,-17,1,785,6,0
1108,-17,1,773,6,0
1109,-14,1,762,8,0
1110,-14,1,771,6,0
1111,-14,1,767,6,0
1112,-14,1,822,3,0
1113,-11,1,785,12,0
1114,-11,1,739,4,0
1115,-11,1,751,4,0
1116,-10,1,785,4,0
1117,-9,1,771,4,0
1118,-8,1,806,6,0
1119,-7,1,760,6,0
1120,-7,1,795,7,0
1121,-6,1,771,1,0
1122,-6,1,744,5,0
1123,-6,1,769,9,0
1124,-4,1,777,4,0
1125,-4,1,799,1,0
1126,-4,1,816,8,0
1127,-2,1,778,6,0
1128,-2,1,759,6,0
1129,-2,1,742,8,0
1130,-50,1,819,8,0
1131,-50,1,772,4,0
1132,-50,1,770,8,0
1133,-49,1,772,4,0
1134,-48,1,746,4,0
1135,-48,1,764,8,0
1136,-46,1,770,3,0
1137,-45,1,771,8,0
1138,-44,1,740,8,0
1139,-43,1,782,8,0
1140,-43,1,770,12,0
1141,-43,1,795,6,0
1142,-42,1,762,9,0
1143,-42,1,760,6,0
1144,-41,1,765,11,0
1145,-41,1,770,6,0
1146,-41,1,738,10,0
1147,-41,1,772,5,0
1148,-41,1,816,10,0
1149,-41,1,799,6,0
1150,-40,1,816,5,0
1151,-39,1,785,6,0
1152,-38,1,740,8,0
1153,-37,1,742,4,0
1154,-37,1,772,12,0
1155,-36,1,740,9,0
1156,-35,1,799,7,0
1157,-34,1,767,10,0
1158,-32,1,761,6,0
1159,-31,1,785,7,0
1160,-31,1,762,6,0
1161,-30,1,815,1,0
1162,-26,1,745,5,0
1163,-26,1,771,10,0
1164,-26,1,762,10,0
1165,-26,1,799,6,0
1166,-26,1,806,12,0
1167,-25,1,782,1,0
1168,-25,1,754,4,0
1169,-25,1,760,6,0
1170,-24,1,756,6,0
1171,-23,1,806,5,0
1172,-23,1,775,9,0
1173,-23,1,813,6,0
1174,-22,1,816,5,0
1175,-22,1,751,4,0
1176,-22,1,765,7,0
1177,-21,1,816,7,0
1178,-21,1,744,6,0
1179,-20,1,749,3,0
1180,-20,1,803,10,0
1181,-20,1,774,8,0
1182,-19,1,736,1,0
1183,-19,1,748,6,0
1184,-19,1,823,4,0
1185,-19,1,775,7,0
1186,-19,1,810,6,0
1187,-19,1,764,9,0
1188,-18,1,790,5,0
1189,-17,1,787,4,0
1190,-16,1,740,8,0
1191,-14,1,775,11,0
1192,-13,1,776,10,0
1193,-12,1,823,2,0
1194,-11,1,750,6,0
1195,-11,1,786,1,0
1196,-10,1,801,2,0
1197,-9,1,799,11,0
1198,-9,1,749,6,0
1199,-8,1,784,6,0
1200,-8,1,754,8,0
1201,-8,1,785,3,0
1202,-7,1,806,7,0
1203,-7,1,812,10,0
1204,-4,1,792,7,0
1205,-4,1,784,8,0
1206,-4,1,740,9,0
1207,-4,1,808,4,0
1208,-4,1,747,6,0
1209,-4,1,765,10,0
1210,-4,1,756,8,0
1211,-4,1,771,12,0
1212,-4,1,762,12,0
1213,-50,1,753,4,0
1214,-49,1,764,8,0
1215,-47,1,782,11,0
1216,-47,1,772,8,0
1217,-46,1,761,5,0
1218,-46,1,818,5,0
1219,-45,1,819,1,0
1220,-45,1,742,1,0
1221,-44,1,742,10,0
1222,-44,1,770,7,0
1223,-44,1,801,10,0
1224,-44,1,756,5,0
1225,-44,1,807,6,0
1226,-43,1,771,7,0
1227,-43,1,754,8,0
1228,-43,1,772,10,0
1229,-43,1,747,2,0
1230,-43,1,786,7,0
1231,-43,1,770,7,0
1232,-43,1,822,12,0
1233,-42,1,769,6,0
1234,-42,1,744,2,0
1235,-41,1,754,8,0
1236,-40,1,777,9,0
1237,-39,1,790,4,0
1238,-37,1,751,6,0
1239,-36,1,770,7,0
1240,-36,1,823,6,0
1241,-35,1,740,2,0
1242,-32,1,762,2,0
1243,-32,1,744,3,0
1244,-32,1,760,6,0
1245,-32,1,770,11,0
1246,-32,1,771,5,0
1247,-32,1,816,8,0
1248,-32,1,802,6,0
1249,-31,1,754,6,0
1250,-29,1,792,4,0
1251,-27,1,799,6,0
1252,-26,1,777,12,0
1253,-26,1,776,5,0
1254,-25,1,776,8,0
1255,-25,1,777,4,0
1256,-24,1,754,8,0
1257,-24,1,768,6,0
1258,-24,1,749,7,0
1259,-24,1,740,2,0
1260,-24,1,742,6,0
1261,-23,1,820,9,0
1262,-23,1,784,8,0
1263,-23,1,797,8,0
1264,-23,1,762,8,0
1265,-22,1,807,6,0
1266,-21,1,813,5,0
1267,-19,1,808,12,0
1268,-19,1,771,6,0
1269,-19,1,767,8,0
1270,-19,1,756,10,0
1271,-19,1,760,9,0
1272,-19,1,806,4,0
1273,-19,1,749,3,0
1274,-19,1,769,1,0
1275,-19,1,746,6,0
1276,-19,1,792,6,0
1277,-18,1,775,6,0
1278,-18,1,806,3,0
1279,-17,1,799,11,0
1280,-16,1,767,2,0
1281,-14,1,762,10,0
1282,-13,1,808,6,0
1283,-13,1,753,2,0
1284,-12,1,789,6,0
1285,-12,1,758,7,0
1286,-11,1,810,6,0
1287,-11,1,793,12,0
1288,-10,1,760,10,0
1289,-10,1,765,2,0
1290,-8,1,772,9,0
1291,-6,1,772,7,0
1292,-6,1,771,3,0
1293,-6,1,762,4,0
1294,-6,1,785,6,0
1295,-6,1,770,4,0
1296,-6,1,812,4,0
1297,-3,1,802,5,0
1298,-3,1,759,8,0
1299,-2,1,816,8,0
1300,-1,1,757,12,0
1301,-1,1,783,8,0
1302,-50,1,757,1,0
1303,-50,1,808,2,0
1304,-50,1,769,9,0
1305,-50,1,810,7,0
1306,-49,1,760,6,0
1307,-49,1,781,2,0
1308,-48,1,792,7,0
1309,-47,1,810,10,0
1310,-47,1,762,6,0
1311,-47,1,751,7,0
1312,-47,1,740,6,0
1313,-46,1,740,10,0
1314,-45,1,816,8,0
1315,-45,1,814,6,0
1316,-45,1,770,8,0
1317,-44,1,740,8,0
1318,-44,1,799,6,0
1319,-44,1,746,4,0
1320,-43,1,737,9,0
1321,-43,1,767,2,0
1322,-43,1,794,7,0
1323,-41,1,750,4,0
1324,-41,1,813,6,0
1325,-40,1,777,11,0
1326,-38,1,800,11,0
1327,-36,1,743,4,0
1328,-36,1,762,8,0
1329,-36,1,813,10,0
1330,-35,1,754,3,0
1331,-35,1,765,4,0
1332,-35,1,740,9,0
1333,-35,1,734,5,0
1334,-35,1,822,8,0
1335,-35,1,793,6,0
1336,-35,1,762,4,0
1337,-35,1,738,8,0
1338,-35,1,737,6,0
1339,-35,1,757,10,0
1340,-35,1,775,9,0
1341,-35,1,809,6,0
1342,-35,1,745,4,0
1343,-35,1,801,6,0
1344,-35,1,760,6,0
1345,-34,1,794,6,0
1346,-34,1,791,6,0
1347,-34,1,765,11,0
1348,-34,1,814,2,0
1349,-33,1,823,4,0
1350,-33,1,753,3,0
1351,-32,1,810,1,0
1352,-32,1,822,7,0
1353,-32,1,754,4,0
1354,-30,1,754,9,0
1355,-30,1,766,7,0
1356,-28,1,740,6,0
1357,-28,1,803,6,0
1358,-26,1,734,9,0
1359,-25,1,814,2,0
1360,-24,1,811,7,0
1361,-23,1,816,10,0
1362,-23,1,746,12,0
1363,-22,1,769,5,0
1364,-19,1,794,6,0
1365,-18,1,822,6,0
1366,-17,1,822,7,0
1367,-16,1,806,2,0
1368,-16,1,822,6,0
1369,-15,1,755,8,0
1370,-14,1,793,3,0
1371,-11,1,799,10,0
1372,-8,1,785,6,0
1373,-8,1,740,4,0
1374,-8,1,747,7,0
1375,-8,1,752,6,0
1376,-8,1,795,6,0
1377,-8,1,793,3,0
1378,-8,1,762,6,0
1379,-7,1,792,10,0
1380,-7,1,785,9,0
1381,-6,1,749,12,0
1382,-4,1,772,9,0
1383,-3,1,795,6,0
1384,-2,1,734,2,0
1385,-2,1,754,12,0
1386,-1,1,785,8,0
1387,-1,1,793,12,0
1388,-50,1,798,9,0
1389,-50,1,740,6,0
1390,-48,1,816,10,0
1391,-47,1,764,6,0
1392,-47,1,777,4,0
1393,-46,1,752,9,0
1394,-45,1,759,8,0
1395,-44,1,809,4,0
1396,-43,1,806,8,0
1397,-41,1,773,6,0
1398,-40,1,739,9,0
1399,-40,1,746,1,0
1400,-40,1,734,10,0
1401,-40,1,808,7,0
1402,-40,1,807,11,0
1403,-39,1,767,8,0
1404,-39,1,782,6,0
1405,-39,1,768,10,0
1406,-37,1,797,10,0
1407,-37,1,767,10,0
1408,-36,1,735,8,0
1409,-36,1,785,1,0
1410,-35,1,808,4,0
1411,-34,1,777,5,0
1412,-34,1,787,9,0
1413,-34,1,748,3,0
1414,-34,1,816,4,0
1415,-34,1,793,2,0
1416,-33,1,810,4,0
1417,-33,1,806,7,0
1418,-31,1,768,8,0
1419,-30,1,757,8,0
1420,-29,1,770,6,0
1421,-28,1,794,4,0
1422,-28,1,742,12,0
1423,-27,1,822,9,0
1424,-26,1,771,1,0
1425,-26,1,782,8,0
1426,-26,1,759,8,0
1427,-26,1,754,2,0
1428,-26,1,764,3,0
1429,-24,1,762,6,0
1430,-24,1,740,7,0
1431,-24,1,742,3,0
1432,-24,1,754,10,0
1433,-24,1,750,4,0
1434,-23,1,771,2,0
1435,-23,1,735,5,0
1436,-22,1,740,6,0
1437,-22,1,753,8,0
1438,-22,1,760,9,0
1439,-21,1,766,6,0
1440,-21,1,822,5,0
1441,-21,1,807,4,0
1442,-21,1,762,5,0
1443,-21,1,823,4,0
1444,-20,1,769,10,0
1445,-17,1,779,6,0
1446,-17,1,814,8,0
1447,-16,1,817,8,0
1448,-16,1,740,4,0
1449,-15,1,818,10,0
1450,-15,1,757,4,0
1451,-14,1,757,10,0
1452,-13,1,814,10,0
1453,-13,1,802,12,0
1454,-12,1,770,9,0
1455,-12,1,794,4,0
1456,-12,1,760,9,0
1457,-12,1,771,6,0
1458,-12,1,799,8,0
1459,-11,1,816,5,0
1460,-10,1,822,10,0
1461,-10,1,767,6,0
1462,-9,1,818,6,0
1463,-9,1,747,9,0
1464,-9,1,777,10,0
1465,-9,1,800,3,0
1466,-7,1,771,11,0
1467,-7,1,793,9,0
1468,-5,1,743,2,0
1469,-5,1,751,8,0
1470,-3,1,795,10,0
1471,-1,1,744,8,0
1472,0,1,781,4,420
1473,0,1,782,5,420
1474,2,1,793,4,420
1475,3,1,744,12,420
1476,3,1,792,9,420
1477,4,1,815,3,480
1478,5,1,740,10,540
1479,5,1,799,2,540
1480,5,1,822,7,540
1481,5,1,764,7,540
1482,6,1,782,6,600
1483,6,1,816,12,600
1484,8,1,777,8,720
1485,8,1,752,4,720
1486,8,1,782,5,720
1487,11,1,771,5,840
1488,12,1,754,6,840
1489,13,1,762,1,900
1490,14,1,799,6,960
1491,14,1,787,11,960
1492,14,1,734,2,960
1493,14,1,813,8,960
1494,15,1,805,5,1020
1495,15,1,739,4,1020
1496,17,1,787,10,1080
1497,17,1,808,7,1080
1498,17,1,785,2,1080
1499,18,1,806,7,1080
1500,20,1,783,6,1080
1501,20,1,747,3,1080
1502,21,1,782,6,1140
1503,21,1,751,2,1140
1504,22,1,775,9,1140
1505,23,1,735,3,1140
1506,23,1,756,12,1140
1507,24,1,822,6,1200
1508,25,1,801,4,1200
1509,26,1,762,3,1260
1510,27,1,785,2,1320
1511,28,1,739,6,1320
1512,28,1,737,11,1320
1513,28,1,795,8,1320
1514,28,1,823,10,1320
1515,28,1,775,2,1320
1516,28,1,749,11,1320
1517,28,1,771,10,1320
1518,29,1,785,3,1380
1519,29,1,770,10,1380
1520,29,1,779,8,1380
1521,30,1,739,12,1440
1522,31,1,785,8,1440
1523,31,1,778,8,1440
1524,32,1,747,8,1500
1525,32,1,785,7,1500
1526,34,1,785,10,1560
1527,35,1,821,7,1620
1528,35,1,749,2,1620
1529,35,1,746,5,1620
1530,35,1,795,8,1620
1531,36,1,770,12,1620
1532,36,1,794,4,1620
1533,36,1,799,9,1620
1534,37,1,775,11,1680
1535,38,1,742,11,1740
1536,38,1,810,4,1740
1537,38,1,816,11,1740
1538,38,1,756,8,1740
1539,38,1,771,7,1740
1540,39,1,771,8,1800
1541,40,1,792,4,1800
1542,43,1,785,9,1860
1543,44,1,771,9,1860
1544,44,1,807,4,1860
1545,44,1,805,5,1860
1546,45,1,777,8,1920
1547,46,1,806,6,1980
1548,46,1,795,6,1980
1549,46,1,794,2,1980
1550,47,1,742,2,2100
1551,50,1,750,10,2280
1552,50,1,771,9,2280
1553,51,1,771,6,2280
1554,53,1,762,12,2340
1555,55,1,771,10,2460
1556,55,1,762,2,2460
1557,56,1,762,9,2460
1558,56,1,779,9,2460
1559,56,1,785,7,2460
1560,58,1,793,10,2460
1561,58,1,765,7,2460
1562,58,1,773,8,2460
1563,58,1,771,9,2460
1564,59,1,823,4,2520
1565,59,1,769,10,2520
1566,59,1,799,12,2520
1567,59,1,810,1,2520
1568,62,1,762,5,2520
1569,63,1,822,6,2580
1570,64,1,787,7,2640
1571,65,1,768,6,2640
1572,65,1,780,10,2640
1573,65,1,762,11,2640
1574,65,1,750,6,2640
1575,65,1,770,10,2640
1576,65,1,774,9,2640
1577,66,1,810,6,2700
1578,66,1,767,5,2700
1579,66,1,762,7,2700
1580,68,1,788,6,2760
1581,68,1,762,12,2760
1582,70,1,758,2,2820
1583,70,1,771,4,2820
1584,70,1,788,3,2820
1585,71,1,762,4,2820
1586,71,1,818,6,2820
1587,72,1,740,3,2820
1588,73,1,773,2,2820
1589,73,1,754,10,2820
1590,73,1,770,8,2820
1591,74,1,753,8,2820
1592,75,1,765,8,2940
1593,75,1,743,10,2940
1594,76,1,814,7,2940
1595,77,1,754,7,2940
1596,77,1,757,6,2940
1597,77,1,784,12,2940
1598,78,1,737,10,2940
1599,79,1,782,9,2940
1600,80,1,740,3,2940
1601,81,1,816,10,3060
1602,83,1,771,4,3120
1603,84,1,740,4,3180
1604,86,1,742,9,3240
1605,87,1,753,8,3240
1606,87,1,765,12,3240
1607,87,1,798,6,3240
1608,87,1,804,6,3240
1609,89,1,760,9,3480
1610,90,1,754,8,3480
1611,91,1,740,6,3480
1612,91,1,764,10,3480
1613,91,1,749,7,3480
1614,91,1,822,10,3480
1615,91,1,786,4,3480
1616,92,1,822,10,3540
1617,93,1,814,8,3540
1618,94,1,747,4,3600
1619,94,1,799,10,3600
1620,95,1,787,8,3600
1621,95,1,775,12,3600
1622,95,1,782,6,3600
1623,96,1,797,11,3660
1624,97,1,742,8,3660
1625,98,1,785,6,3660
1626,98,1,778,5,3660
1627,98,1,817,1,3660
1628,100,1,822,6,3420
1629,100,1,789,8,3420
1630,100,1,775,2,3420
1631,100,1,765,7,3420
1632,102,1,775,8,3480
1633,102,1,747,12,3480
1634,102,1,769,6,3480
1635,104,1,785,7,3660
1636,104,1,768,4,3660
1637,106,1,772,10,3840
1638,106,1,748,9,3840
1639,106,1,744,5,3840
1640,107,1,822,12,3840
1641,108,1,788,2,3840
1642,108,1,799,5,3840
1643,108,1,776,6,3840
1644,108,1,739,5,3840
1645,108,1,782,3,3840
1646,108,1,777,6,3840
1647,109,1,818,5,3900
1648,109,1,794,8,3900
1649,110,1,797,10,4020
1650,110,1,761,6,4020
1651,110,1,821,2,4020
1652,111,1,816,6,4020
1653,112,1,740,10,4080
1654,112,1,742,10,4080
1655,112,1,819,10,4080
1656,112,1,822,8,4080
1657,113,1,762,5,4080
1658,113,1,813,4,4080
1659,114,1,762,6,4080
1660,114,1,809,9,4080
1661,116,1,739,6,4140
1662,116,1,805,6,4140
1663,116,1,761,6,4140
1664,116,1,758,9,4140
1665,116,1,750,8,4140
1666,117,1,762,12,4200
1667,118,1,806,6,4200
1668,119,1,799,3,4200
1669,119,1,744,10,4200
1670,123,1,743,4,4320
1671,123,1,752,2,4320
1672,124,1,799,4,4380
1673,124,1,755,5,4380
1674,124,1,744,8,4380
1675,125,1,739,8,4380
1676,126,1,750,6,4440
1677,126,1,799,8,4440
1678,128,1,802,4,4500
1679,129,1,748,8,4500
1680,130,1,746,2,4680
1681,131,1,739,7,4680
1682,131,1,768,2,4680
1683,133,1,764,4,4800
1684,133,1,800,4,4800
1685,135,1,798,6,5040
1686,135,1,749,8,5040
1687,135,1,746,7,5040
1688,135,1,782,10,5040
1689,135,1,752,6,5040
1690,135,1,822,4,5040
1691,136,1,762,3,5100
1692,136,1,778,8,5100
1693,136,1,807,7,5100
1694,140,1,810,3,5280
1695,141,1,770,8,5280
1696,142,1,777,10,5340
1697,143,1,771,10,5400
1698,143,1,737,4,5400
1699,144,1,775,4,5460
1700,144,1,770,8,5460
1701,144,1,740,2,5460
1702,146,1,822,6,5520
1703,147,1,775,7,5520
1704,147,1,782,8,5520
1705,148,1,802,11,5580
1706,148,1,795,7,5580
1707,149,1,742,6,5580
1708,150,1,740,4,5580
1709,150,1,819,2,5580
1710,151,1,747,9,5640
1711,151,1,742,10,5640
1712,153,1,738,9,5640
1713,153,1,808,4,5640
1714,153,1,762,7,5640
1715,153,1,788,12,5640
1716,154,1,770,12,5700
1717,155,1,747,4,5700
1718,155,1,788,3,5700
1719,156,1,759,3,5760
1720,157,1,753,12,5880
1721,158,1,762,7,5880
1722,160,1,814,8,5880
1723,162,1,801,6,5880
1724,162,1,795,9,5880
1725,162,1,789,9,5880
1726,164,1,807,8,6060
1727,164,1,760,5,6060
1728,165,1,784,7,6120
1729,165,1,823,9,6120
1730,165,1,769,9,6120
1731,165,1,765,4,6120
1732,167,1,812,11,6180
1733,167,1,777,7,6180
1734,169,1,739,8,6240
1735,170,1,771,6,6240
1736,171,1,740,8,6240
1737,171,1,790,10,6240
1738,171,1,784,12,6240
1739,171,1,743,8,6240
1740,171,1,799,9,6240
1741,171,1,822,9,6240
1742,172,1,767,8,6300
1743,172,1,757,6,6300
1744,173,1,823,10,6360
1745,174,1,773,6,6360
1746,174,1,799,10,6360
1747,175,1,740,7,6360
1748,175,1,822,6,6360
1749,176,1,816,2,6360
1750,177,1,772,1,6420
1751,178,1,800,3,6420
1752,181,1,795,11,6480
1753,183,1,767,1,6540
1754,183,1,750,2,6540
1755,183,1,812,6,6540
1756,183,1,760,12,6540
1757,183,1,765,12,6540
1758,183,1,742,8,6540
1759,183,1,771,9,6540
1760,185,1,771,6,6540
1761,186,1,793,8,6600
1762,187,1,749,6,6600
1763,188,1,762,2,6600
1764,188,1,757,4,6600
1765,189,1,801,7,6600
1766,190,1,821,6,6720
1767,192,1,786,6,6780
1768,192,1,737,8,6780
1769,193,1,814,3,6780
1770,193,1,746,9,6780
1771,193,1,760,11,6780
1772,194,1,759,11,6780
1773,195,1,767,11,6780
1774,196,1,740,8,6840
1775,197,1,762,11,6900
1776,197,1,739,9,6900
1777,197,1,795,8,6900
1778,198,1,742,9,6900
1779,198,1,822,8,6900
1780,198,1,804,3,6900
1781,198,1,767,11,6900
1782,199,1,766,12,6900
1783,199,1,799,8,6900
1784,200,1,759,7,6900
1785,200,1,742,10,6900
1786,200,1,749,6,6900
1787,200,1,746,11,6900
1788,200,1,762,12,6900
1789,201,1,742,6,6900
1790,201,1,752,2,6900
1791,203,1,771,10,7020
1792,204,1,740,12,7020
1793,205,1,775,5,7080
1794,205,1,746,3,7080
1795,207,1,740,7,7200
1796,208,1,789,10,7200
1797,210,1,810,6,7200
1798,210,1,762,7,7200
1799,211,1,820,10,7260
1800,211,1,808,12,7260
1801,211,1,769,8,7260
1802,212,1,794,2,7320
1803,213,1,734,2,7320
1804,214,1,774,8,7320
1805,215,1,757,8,7380
1806,217,1,807,9,7380
1807,217,1,749,3,7380
1808,218,1,769,10,7500
1809,219,1,772,8,7560
1810,221,1,735,10,7680
1811,222,1,765,8,7680
1812,223,1,823,6,7740
1813,225,1,777,4,7740
1814,227,1,823,4,7800
1815,229,1,750,6,7860
1816,229,1,793,4,7860
1817,229,1,822,4,7860
1818,229,1,754,8,7860
1819,231,1,763,4,7920
1820,231,1,785,3,7920
1821,231,1,793,8,7920
1822,232,1,777,7,7920
1823,233,1,767,4,7980
1824,233,1,799,11,7980
1825,234,1,771,10,8040
1826,234,1,814,6,8040
1827,234,1,740,7,8040
1828,235,1,765,3,8040
1829,236,1,767,12,8040
1830,236,1,777,4,8040
1831,236,1,808,8,8040
1832,237,1,757,11,8040
1833,238,1,818,12,8100
1834,238,1,773,3,8100
1835,238,1,799,7,8100
1836,241,1,784,7,8220
1837,241,1,807,8,8220
1838,242,1,764,6,8340
1839,243,1,785,4,8340
1840,244,1,741,4,8340
1841,245,1,771,8,8340
1842,246,1,754,10,8520
1843,247,1,785,6,8520
1844,247,1,760,6,8520
1845,247,1,749,4,8520
1846,247,1,754,4,8520
1847,247,1,767,7,8520
1848,247,1,788,7,8520
1849,248,1,775,6,8580
1850,249,1,737,6,8580
1851,249,1,754,8,8580
1852,250,1,770,7,8580
1853,251,1,767,9,8640
1854,251,1,750,3,8640
1855,251,1,749,9,8640
1856,252,1,779,1,8700
1857,252,1,762,9,8700
1858,253,1,762,11,8880
1859,253,1,784,7,8880
1860,254,1,742,9,8880
1861,255,1,740,3,8940
1862,256,1,764,10,9120
1863,256,1,816,10,9120
1864,256,1,777,6,9120
1865,257,1,785,4,9180
1866,258,1,749,1,9180
1867,258,1,755,4,9180
1868,259,1,808,3,9180
1869,260,1,777,2,9240
1870,261,1,785,7,9300
1871,261,1,747,10,9300
1872,263,1,785,5,9300
1873,264,1,782,9,9300
1874,264,1,766,2,9300
1875,266,1,822,7,9420
1876,266,1,762,6,9420
1877,268,1,737,12,9420
1878,269,1,765,6,9480
1879,269,1,784,4,9480
1880,270,1,812,7,9540
1881,270,1,757,3,9540
1882,270,1,771,4,9540
1883,271,1,782,5,9540
1884,271,1,764,8,9540
1885,271,1,813,11,9540
1886,271,1,799,10,9540
1887,272,1,796,8,9540
1888,273,1,762,10,9600
1889,274,1,740,8,9600
1890,275,1,760,6,9600
1891,277,1,795,5,9660
1892,278,1,734,7,9660
1893,280,1,758,7,9780
1894,280,1,786,8,9780
1895,280,1,812,6,9780
1896,281,1,776,4,9840
1897,281,1,770,4,9840
1898,281,1,794,8,9840
1899,282,1,753,3,9900
1900,282,1,762,5,9900
1901,284,1,753,9,10080
1902,284,1,738,8,10080
1903,285,1,790,8,10080
1904,285,1,812,7,10080
1905,287,1,784,10,10140
1906,287,1,793,10,10140
1907,287,1,816,3,10140
1908,290,1,741,4,10260
1909,290,1,809,8,10260
1910,290,1,785,3,10260
1911,290,1,734,8,10260
1912,290,1,822,4,10260
1913,290,1,804,8,10260
1914,291,1,752,8,10260
1915,293,1,741,6,10320
1916,294,1,771,1,10380
1917,294,1,762,3,10380
1918,294,1,766,7,10380
1919,295,1,757,6,10380
1920,295,1,771,4,10380
1921,295,1,819,7,10380
1922,295,1,799,7,10380
1923,295,1,775,1,10380
1924,295,1,744,6,10380
1925,295,1,801,1,10380
1926,297,1,771,10,10440
1927,297,1,810,6,10440
1928,297,1,822,4,10440
1929,298,1,766,10,10440
1930,299,1,777,7,10500
1931,300,1,739,4,10500
1932,300,1,744,9,10500
1933,300,1,785,8,10500
1934,301,1,782,3,10560
1935,301,1,808,1,10560
1936,301,1,806,7,10560
1937,301,1,764,1,10560
1938,302,1,816,5,10560
1939,303,1,757,2,10560
1940,304,1,799,4,10620
1941,304,1,757,4,10620
1942,304,1,808,10,10620
1943,307,1,738,1,10740
1944,308,1,777,5,10740
1945,308,1,793,6,10740
1946,309,1,743,4,10800
1947,310,1,791,6,10800
1948,310,1,757,4,10800
1949,310,1,762,3,10800
1950,311,1,817,8,10800
1951,312,1,779,5,10860
1952,313,1,795,12,10860
1953,314,1,794,10,10920
1954,315,1,770,8,10980
1955,316,1,740,6,10980
1956,317,1,810,5,10980
1957,320,1,816,1,11100
1958,320,1,822,10,11100
1959,320,1,806,5,11100
1960,322,1,800,6,11160
1961,325,1,752,9,11160
1962,327,1,737,5,11220
1963,327,1,754,8,11220
1964,327,1,771,10,11220
1965,329,1,742,8,11220
1966,329,1,749,5,11220
1967,329,1,790,5,11220
1968,329,1,757,10,11220
1969,329,1,744,4,11220
1970,329,1,799,7,11220
1971,330,1,772,5,11280
1972,331,1,783,12,11280
1973,332,1,793,4,11280
1974,334,1,754,10,11400
1975,334,1,806,6,11400
1976,336,1,767,8,11400
1977,339,1,785,8,11580
1978,339,1,804,6,11580
1979,339,1,762,2,11580
1980,340,1,742,6,11580
1981,340,1,744,2,11580
1982,340,1,797,8,11580
1983,342,1,771,9,11640
1984,342,1,762,6,11640
1985,342,1,822,1,11640
1986,342,1,780,6,11640
1987,343,1,748,4,11640
1988,343,1,782,2,11640
1989,343,1,755,3,11640
1990,343,1,762,8,11640
1991,344,1,740,4,11700
1992,346,1,756,10,11760
1993,346,1,794,6,11760
1994,346,1,739,10,11760
1995,346,1,747,4,11760
1996,347,1,807,8,11760
1997,348,1,822,2,11760
1998,348,1,792,4,11760
1999,348,1,785,8,11760
2000,349,1,757,12,11760
2001,350,1,769,5,11820
2002,351,1,760,8,11820
2003,351,1,794,7,11820
2004,352,1,764,8,11820
2005,353,1,751,7,11820
2006,355,1,787,2,11880
2007,356,1,808,6,11940
2008,356,1,823,2,11940
2009,357,1,771,4,11940
2010,358,1,761,5,11940
2011,358,1,777,9,11940
2012,359,1,782,6,12120
2013,359,1,777,4,12120
2014,359,1,813,7,12120
2015,359,1,799,8,12120
2016,359,1,766,10,12120
2017,359,1,802,10,12120
2018,359,1,815,7,12120
2019,359,1,761,5,12120
2020,359,1,751,8,12120
2021,359,1,823,6,12120
2022,361,1,771,6,12240
2023,362,1,770,6,12240
2024,362,1,794,10,12240
2025,362,1,773,5,12240
2026,362,1,777,5,12240
2027,362,1,754,6,12240
2028,363,1,775,6,12360
2029,364,1,795,4,12420
2030,364,1,822,8,12420
2031,366,1,793,3,12540
2032,366,1,785,7,12540
2033,366,1,804,2,12540
2034,366,1,739,6,12540
2035,367,1,811,4,12540
2036,367,1,782,8,12540
2037,367,1,754,2,12540
2038,367,1,765,8,12540
2039,368,1,762,11,12540
2040,369,1,812,6,12600
2041,369,1,771,8,12600
2042,370,1,739,4,12660
2043,371,1,822,8,12660
2044,371,1,794,7,12660
2045,373,1,777,12,12660
2046,373,1,771,4,12660
2047,373,1,779,6,12660
2048,375,1,809,12,12720
2049,376,1,757,6,12780
2050,377,1,822,3,12780
2051,377,1,770,1,12780
2052,378,1,765,7,12780
2053,378,1,813,8,12780
2054,378,1,769,6,12780
2055,378,1,795,4,12780
2056,378,1,762,5,12780
2057,378,1,770,2,12780
2058,380,1,798,8,12900
2059,381,1,771,7,12900
2060,382,1,771,5,13020
2061,382,1,772,2,13020
2062,383,1,815,7,13020
2063,383,1,757,11,13020
2064,383,1,789,5,13020
2065,383,1,799,3,13020
2066,384,1,822,2,13020
2067,385,1,764,6,13020
2068,385,1,745,8,13020
2069,387,1,772,6,13020
2070,390,1,768,8,13140
2071,390,1,809,10,13140
2072,390,1,793,10,13140
2073,391,1,770,4,13140
2074,392,1,754,9,13200
2075,395,1,771,11,13260
2076,395,1,800,2,13260
2077,395,1,766,1,13260
2078,395,1,749,7,13260
2079,396,1,750,4,13320
2080,397,1,807,8,13320
2081,398,1,771,2,13320
2082,398,1,819,8,13320
2083,399,1,822,12,13320
2084,399,1,760,12,13320
2085,399,1,811,7,13320
2086,399,1,771,5,13320
2087,400,1,742,8,13380
2088,400,1,769,7,13380
2089,400,1,799,4,13380
2090,401,1,754,6,13380
2091,401,1,762,7,13380
2092,401,1,773,6,13380
2093,402,1,743,12,13440
2094,402,1,775,6,13440
2095,402,1,782,8,13440
2096,402,1,794,2,13440
2097,402,1,764,9,13440
2098,402,1,771,5,13440
2099,403,1,817,11,13500
2100,403,1,785,10,13500
2101,403,1,767,4,13500
2102,404,1,754,8,13500
2103,405,1,799,8,13560
2104,405,1,768,12,13560
2105,406,1,822,5,13680
2106,407,1,782,8,13740
2107,408,1,769,5,13740
2108,409,1,822,11,13800
2109,411,1,768,4,13920
2110,411,1,805,6,13920
2111,413,1,750,6,14100
2112,413,1,798,8,14100
2113,414,1,759,7,14100
2114,415,1,762,1,14100
2115,417,1,746,4,14160
2116,418,1,734,8,14160
2117,419,1,737,8,14220
2118,419,1,801,3,14220
2119,420,1,760,8,14220
2120,420,1,764,6,14220
2121,420,1,771,6,14220
2122,420,1,769,6,14220
2123,420,1,757,4,14220
2124,421,1,818,8,14220
2125,421,1,770,12,14220
2126,423,1,785,4,14220
2127,423,1,788,3,14220
2128,425,1,760,10,14400
2129,425,1,799,4,14400
2130,426,1,782,6,14400
2131,427,1,804,4,14400
2132,428,1,760,4,14400
2133,428,1,762,11,14400
2134,429,1,770,8,14460
2135,429,1,785,1,14460
2136,431,1,766,10,14520
2137,432,1,789,8,14580
2138,433,1,816,8,14580
2139,434,1,764,7,14640
2140,435,1,747,10,14700
2141,435,1,757,6,14700
2142,435,1,771,6,14700
2143,435,1,816,2,14700
2144,435,1,761,9,14700
2145,436,1,814,4,14700
2146,437,1,798,8,14700
2147,438,1,742,7,14700
2148,440,1,742,8,14760
2149,440,1,764,4,14760
2150,441,1,762,2,14760
2151,441,1,778,4,14760
2152,442,1,781,5,14820
2153,443,1,795,7,14880
2154,444,1,819,6,15000
2155,444,1,747,12,15000
2156,446,1,746,3,15060
2157,446,1,762,3,15060
2158,447,1,767,12,15120
2159,447,1,742,5,15120
2160,448,1,810,11,15120
2161,449,1,770,2,15120
2162,450,1,769,6,15120
2163,451,1,760,10,15180
2164,452,1,811,5,15180
2165,453,1,765,5,15300
2166,454,1,808,6,15300
2167,454,1,799,8,15300
2168,454,1,773,5,15300
2169,455,1,793,5,15300
2170,455,1,751,12,15300
2171,455,1,770,6,15300
2172,455,1,816,8,15300
2173,455,1,743,8,15300
2174,455,1,740,8,15300
2175,455,1,771,3,15300
2176,455,1,806,10,15300
2177,455,1,746,9,15300
2178,456,1,791,8,15300
2179,456,1,762,4,15300
2180,456,1,767,5,15300
2181,456,1,799,7,15300
2182,457,1,742,7,15360
2183,457,1,739,12,15360
2184,457,1,759,8,15360
2185,459,1,775,6,15480
2186,459,1,822,11,15480
2187,459,1,746,2,15480
2188,459,1,817,6,15480
2189,459,1,816,6,15480
2190,459,1,744,4,15480
2191,460,1,822,8,15480
2192,462,1,762,4,15540
2193,463,1,744,6,15600
2194,464,1,747,6,15660
2195,464,1,806,4,15660
2196,464,1,751,9,15660
2197,465,1,813,4,15720
2198,468,1,777,6,15840
2199,468,1,811,10,15840
2200,468,1,744,6,15840
2201,468,1,788,6,15840
2202,468,1,785,5,15840
2203,468,1,742,8,15840
2204,468,1,797,12,15840
2205,470,1,785,3,15960
2206,471,1,760,12,16140
2207,472,1,800,9,16200
2208,473,1,762,12,16200
2209,475,1,790,3,16260
2210,475,1,762,6,16260
2211,476,1,777,10,16260
2212,477,1,760,9,16320
2213,478,1,822,4,16320
2214,478,1,741,4,16320
2215,479,1,789,8,16380
2216,480,1,778,6,16440
2217,481,1,811,5,16500
2218,481,1,767,10,16500
2219,482,1,760,5,16500
2220,482,1,765,4,16500
2221,482,1,820,6,16500
2222,483,1,816,6,16620
2223,484,1,823,6,16620
2224,485,1,771,5,16620
2225,485,1,778,6,16620
2226,486,1,798,10,16620
2227,488,1,788,8,16680
2228,489,1,785,3,16740
2229,489,1,758,4,16740
2230,490,1,817,4,16800
2231,490,1,799,12,16800
2232,491,1,770,8,16860
2233,491,1,810,9,16860
2234,494,1,749,7,16860
2235,494,1,806,9,16860
2236,495,1,737,6,16920
2237,495,1,822,2,16920
2238,495,1,757,7,16920
2239,495,1,770,12,16920
2240,495,1,762,8,16920
2241,495,1,777,7,16920
2242,495,1,771,8,16920
2243,496,1,798,9,16980
2244,498,1,785,1,16980
2245,498,1,750,9,16980
2246,500,1,769,7,17040
2247,500,1,742,9,17040
2248,500,1,799,8,17040
2249,500,1,744,8,17040
2250,500,1,754,8,17040
2251,501,1,759,9,17040
2252,503,1,767,10,17040
2253,503,1,743,12,17040
2254,503,1,807,8,17040
2255,503,1,755,6,17040
2256,503,1,794,10,17040
2257,503,1,777,6,17040
2258,503,1,760,8,17040
2259,503,1,747,6,17040
2260,503,1,788,12,17040
2261,504,1,776,6,17100
2262,505,1,778,10,17160
2263,505,1,823,11,17160
2264,505,1,742,2,17160
2265,507,1,765,7,17220
2266,508,1,747,9,17220
2267,508,1,764,3,17220
2268,508,1,760,9,17220
2269,508,1,783,2,17220
2270,509,1,808,10,17220
2271,509,1,822,11,17220
2272,510,1,816,10,17220
2273,511,1,778,9,17220
2274,511,1,752,12,17220
2275,513,1,760,7,17280
2276,514,1,788,8,17280
2277,514,1,784,3,17280
2278,514,1,799,4,17280
2279,515,1,799,4,17280
2280,515,1,762,7,17280
2281,516,1,740,2,17340
2282,516,1,814,10,17340
2283,516,1,777,2,17340
2284,516,1,762,6,17340
2285,516,1,772,4,17340
2286,517,1,772,8,17340
2287,517,1,752,5,17340
2288,518,1,739,10,17340
2289,518,1,744,4,17340
2290,520,1,785,8,17400
2291,522,1,771,11,17520
2292,522,1,785,7,17520
2293,523,1,813,3,17700
2294,524,1,799,9,17880
2295,524,1,794,8,17880
2296,524,1,775,2,17880
2297,524,1,769,5,17880
2298,524,1,784,8,17880
2299,524,1,757,9,17880
2300,525,1,743,7,17880
2301,526,1,782,10,18000
2302,528,1,770,4,18060
2303,528,1,785,1,18060
2304,529,1,767,4,18120
2305,530,1,799,11,18120
2306,530,1,740,5,18120
2307,530,1,782,8,18120
2308,530,1,761,8,18120
2309,530,1,821,12,18120
2310,530,1,762,9,18120
2311,531,1,754,10,18120
2312,531,1,806,8,18120
2313,532,1,804,8,18180
2314,532,1,819,8,18180
2315,535,1,747,4,18360
2316,535,1,786,5,18360
2317,536,1,810,4,18360
2318,536,1,742,6,18360
2319,537,1,802,4,18420
2320,538,1,762,4,18480
2321,538,1,799,6,18480
2322,538,1,742,5,18480
2323,538,1,789,4,18480
2324,538,1,771,6,18480
2325,538,1,753,6,18480
2326,538,1,769,10,18480
2327,539,1,799,2,18480
2328,541,1,790,4,18540
2329,544,1,743,8,18660
2330,544,1,813,8,18660
2331,544,1,814,10,18660
2332,544,1,755,8,18660
2333,544,1,762,6,18660
2334,545,1,762,2,18660
2335,545,1,743,6,18660
2336,546,1,806,5,18720
2337,546,1,749,7,18720
2338,546,1,807,9,18720
2339,547,1,762,6,18780
2340,550,1,759,9,18840
2341,550,1,743,5,18840
2342,551,1,811,6,18900
2343,552,1,810,2,18900
2344,553,1,823,9,18900
2345,554,1,742,6,18900
2346,554,1,762,7,18900
2347,554,1,765,8,18900
2348,555,1,794,9,18960
2349,555,1,814,12,18960
2350,557,1,785,4,19020
2351,558,1,756,4,19020
2352,558,1,747,5,19020
2353,559,1,743,2,19080
2354,559,1,807,8,19080
2355,559,1,751,7,19080
2356,560,1,791,4,19080
2357,561,1,782,10,19200
2358,565,1,792,8,19260
2359,566,1,823,8,19320
2360,566,1,813,6,19320
2361,566,1,762,5,19320
2362,566,1,796,8,19320
2363,566,1,803,6,19320
2364,567,1,767,2,19320
2365,567,1,769,4,19320
2366,567,1,757,6,19320
2367,568,1,819,6,19440
2368,570,1,744,8,19560
2369,570,1,760,7,19560
2370,570,1,822,4,19560
2371,570,1,808,7,19560
2372,570,1,762,6,19560
2373,570,1,801,10,19560
2374,570,1,764,10,19560
2375,570,1,795,3,19560
2376,570,1,761,9,19560
2377,570,1,791,4,19560
2378,570,1,763,5,19560
2379,570,1,775,7,19560
2380,572,1,748,8,19680
2381,572,1,737,6,19680
2382,573,1,753,5,19740
2383,574,1,775,6,19740
2384,575,1,777,9,19740
2385,576,1,771,6,19740
2386,578,1,758,4,19800
2387,578,1,749,3,19800
2388,578,1,804,10,19800
2389,578,1,747,4,19800
2390,578,1,822,10,19800
2391,578,1,745,1,19800
2392,578,1,806,2,19800
2393,578,1,794,2,19800
2394,578,1,777,5,19800
2395,578,1,739,8,19800
2396,578,1,785,4,19800
2397,579,1,771,4,19920
2398,579,1,740,8,19920
2399,579,1,791,1,19920
2400,579,1,784,7,19920
2401,580,1,773,7,19980
2402,585,1,771,12,20040
2403,585,1,754,8,20040
2404,586,1,805,4,20040
2405,587,1,765,2,20100
2406,588,1,790,8,20100
2407,589,1,785,5,20100
2408,589,1,823,5,20100
2409,592,1,767,10,20160
2410,593,1,757,10,20220
2411,593,1,743,8,20220
2412,593,1,794,10,20220
2413,594,1,746,4,20220
2414,595,1,794,8,20220
2415,596,1,771,7,20280
2416,596,1,749,10,20280
2417,596,1,760,8,20280
2418,596,1,823,6,20280
2419,596,1,822,5,20280
2420,596,1,759,6,20280
2421,596,1,772,12,20280
2422,596,1,799,1,20280
2423,601,1,762,11,20400
2424,602,1,765,9,20460
2425,602,1,777,4,20460
2426,602,1,758,4,20460
2427,602,1,754,3,20460
2428,605,1,757,6,20520
2429,605,1,765,5,20520
2430,606,1,745,4,20520
2431,606,1,808,6,20520
2432,606,1,785,7,20520
2433,606,1,762,4,20520
2434,607,1,799,12,20580
2435,608,1,814,7,20640
2436,609,1,749,6,20640
2437,610,1,775,4,20700
2438,610,1,737,8,20700
2439,611,1,798,11,20700
2440,611,1,803,10,20700
2441,611,1,760,7,20700
2442,613,1,749,8,20700
2443,614,1,792,1,20760
2444,616,1,772,4,20880
2445,616,1,755,4,20880
2446,616,1,762,8,20880
2447,616,1,820,8,20880
2448,616,1,778,7,20880
2449,616,1,737,6,20880
2450,616,1,814,4,20880
2451,619,1,754,8,21000
2452,619,1,769,3,21000
2453,620,1,793,9,21000
2454,621,1,777,6,21000
2455,621,1,749,2,21000
2456,621,1,743,4,21000
2457,621,1,785,4,21000
2458,622,1,739,6,21060
2459,622,1,760,4,21060
2460,622,1,814,6,21060
2461,623,1,764,4,21060
2462,624,1,796,10,21060
2463,624,1,753,4,21060
2464,625,1,769,9,21180
2465,625,1,777,5,21180
2466,625,1,772,3,21180
2467,626,1,785,6,21240
2468,627,1,803,12,21300
2469,627,1,762,4,21300
2470,627,1,782,9,21300
2471,627,1,818,6,21300
2472,627,1,817,3,21300
2473,627,1,752,11,21300
2474,628,1,755,4,21360
2475,630,1,750,8,21360
2476,633,1,770,8,21480
2477,634,1,765,9,21480
2478,634,1,755,6,21480
2479,635,1,740,9,21540
2480,636,1,817,7,21600
2481,637,1,765,7,21600
2482,637,1,770,6,21600
2483,637,1,740,2,21600
2484,637,1,746,11,21600
2485,637,1,761,12,21600
2486,637,1,771,2,21600
2487,638,1,795,9,21600
2488,639,1,822,8,21600
2489,641,1,740,3,21600
2490,641,1,762,4,21600
2491,641,1,772,5,21600
2492,642,1,770,9,21660
2493,642,1,754,8,21660
2494,642,1,760,8,21660
2495,643,1,775,3,21660
2496,643,1,811,9,21660
2497,643,1,766,6,21660
2498,644,1,749,1,21840
2499,644,1,808,10,21840
2500,644,1,785,8,21840
2501,645,1,760,11,21840
2502,645,1,785,2,21840
2503,645,1,769,8,21840
2504,645,1,790,4,21840
2505,646,1,772,10,21900
2506,647,1,799,5,21900
2507,648,1,742,4,22020
2508,649,1,782,2,22020
2509,649,1,778,8,22020
2510,650,1,772,9,22080
2511,650,1,784,6,22080
2512,650,1,760,6,22080
2513,650,1,799,3,22080
2514,650,1,780,4,22080
2515,650,1,813,6,22080
2516,651,1,738,11,22080
2517,652,1,773,6,22080
2518,653,1,738,12,22080
2519,653,1,770,6,22080
2520,653,1,744,10,22080
2521,655,1,815,7,22140
2522,655,1,764,9,22140
2523,655,1,734,5,22140
2524,655,1,736,5,22140
2525,655,1,763,9,22140
2526,655,1,769,4,22140
2527,655,1,770,11,22140
2528,656,1,760,11,22140
2529,656,1,742,9,22140
2530,657,1,770,9,22140
2531,658,1,790,7,22200
2532,658,1,785,7,22200
2533,658,1,753,4,22200
2534,659,1,797,9,22260
2535,660,1,767,2,22260
2536,660,1,737,3,22260
2537,660,1,752,2,22260
2538,660,1,777,8,22260
2539,661,1,782,4,22320
2540,662,1,767,12,22380
2541,665,1,797,9,22500
2542,665,1,743,4,22500
2543,665,1,771,10,22500
2544,666,1,810,10,22500
2545,667,1,762,8,22500
2546,668,1,822,2,22500
2547,668,1,795,2,22500
2548,668,1,745,9,22500
2549,669,1,799,8,22560
2550,672,1,816,8,22680
2551,673,1,785,10,22740
2552,673,1,760,4,22740
2553,673,1,769,6,22740
2554,673,1,818,7,22740
2555,674,1,749,8,22740
2556,677,1,754,6,22920
2557,677,1,813,2,22920
2558,677,1,816,8,22920
2559,677,1,770,6,22920
2560,678,1,747,7,22920
2561,679,1,752,3,22920
2562,681,1,785,4,22980
2563,681,1,775,5,22980
2564,681,1,812,8,22980
2565,681,1,767,7,22980
2566,681,1,757,5,22980
2567,681,1,753,2,22980
2568,682,1,792,11,23040
2569,683,1,740,4,23040
2570,683,1,822,6,23040
2571,683,1,767,4,23040
2572,683,1,772,6,23040
2573,684,1,754,10,23100
2574,685,1,739,4,23100
2575,685,1,808,4,23100
2576,685,1,787,5,23100
2577,685,1,762,6,23100
2578,686,1,801,9,23160
2579,687,1,771,2,23160
2580,689,1,749,9,23160
2581,690,1,760,5,23160
2582,690,1,767,8,23160
2583,690,1,740,6,23160
2584,692,1,740,7,23220
2585,692,1,763,8,23220
2586,692,1,775,6,23220
2587,693,1,773,3,23220
2588,693,1,749,12,23220
2589,694,1,735,7,23280
2590,694,1,762,5,23280
2591,694,1,742,12,23280
2592,696,1,800,9,23340
2593,696,1,823,4,23340
2594,696,1,737,6,23340
2595,696,1,758,9,23340
2596,696,1,785,11,23340
2597,698,1,794,10,23400
2598,699,1,772,8,23400
2599,699,1,793,6,23400
2600,700,1,754,2,23400
2601,701,1,783,10,23460
2602,701,1,743,1,23460
2603,702,1,806,8,23520
2604,704,1,799,8,23580
2605,704,1,751,3,23580
2606,704,1,793,6,23580
2607,705,1,780,6,23640
2608,705,1,752,6,23640
2609,706,1,818,11,23640
2610,706,1,754,8,23640
2611,707,1,808,2,23640
2612,708,1,756,8,23700
2613,709,1,785,7,23700
2614,709,1,762,6,23700
2615,711,1,821,10,23820
2616,712,1,744,8,23940
2617,712,1,800,7,23940
2618,712,1,762,6,23940
2619,712,1,782,7,23940
2620,714,1,791,9,23940
2621,714,1,771,6,23940
2622,714,1,769,11,23940
2623,714,1,786,6,23940
2624,716,1,818,6,24000
2625,716,1,775,1,24000
2626,717,1,780,5,24000
2627,717,1,754,6,24000
2628,717,1,786,3,24000
2629,718,1,800,6,24000
2630,719,1,785,7,24060
2631,720,1,752,2,24060
2632,721,1,787,9,24120
2633,722,1,759,6,24180
2634,722,1,771,8,24180
2635,722,1,794,7,24180
2636,724,1,743,8,24180
2637,725,1,762,8,24240
2638,725,1,804,6,24240
2639,726,1,785,8,24240
2640,726,1,778,6,24240
2641,726,1,809,10,24240
2642,726,1,760,4,24240
2643,726,1,794,9,24240
2644,727,1,817,7,24240
2645,727,1,757,6,24240
2646,728,1,782,9,24300
2647,728,1,740,9,24300
2648,729,1,822,11,24300
2649,730,1,754,9,24360
2650,731,1,794,2,24420
2651,731,1,823,5,24420
2652,731,1,754,7,24420
2653,732,1,766,8,24420
2654,732,1,738,3,24420
2655,732,1,770,2,24420
2656,733,1,808,8,24480
2657,735,1,785,5,24540
2658,735,1,808,6,24540
2659,735,1,744,8,24540
2660,736,1,805,4,24540
2661,737,1,762,4,24540
2662,738,1,758,2,24600
2663,740,1,818,7,24600
2664,741,1,782,10,24660
2665,741,1,749,5,24660
2666,741,1,821,6,24660
2667,741,1,772,7,24660
2668,741,1,822,6,24660
2669,742,1,764,8,24660
2670,742,1,754,11,24660
2671,742,1,788,6,24660
2672,742,1,777,2,24660
2673,742,1,775,6,24660
2674,742,1,794,4,24660
2675,744,1,799,8,24660
2676,745,1,742,3,24720
2677,745,1,771,6,24720
2678,745,1,800,6,24720
2679,746,1,782,11,24720
2680,746,1,814,8,24720
2681,747,1,754,8,24720
2682,748,1,806,9,24720
2683,749,1,814,6,24780
2684,749,1,782,1,24780
2685,749,1,771,5,24780
2686,749,1,784,8,24780
2687,750,1,762,3,24840
2688,750,1,814,7,24840
2689,750,1,757,9,24840
2690,751,1,742,11,24840
2691,751,1,762,5,24840
2692,752,1,797,9,24840
2693,753,1,739,3,24900
2694,754,1,741,7,24960
2695,755,1,741,3,24960
2696,755,1,764,9,24960
2697,755,1,760,5,24960
2698,755,1,772,8,24960
2699,755,1,822,5,24960
2700,757,1,736,12,25080
2701,757,1,814,7,25080
2702,758,1,795,6,25080
2703,758,1,786,10,25080
2704,758,1,740,8,25080
2705,759,1,762,3,25140
2706,759,1,767,5,25140
2707,759,1,768,5,25140
2708,760,1,764,6,25140
2709,762,1,739,8,25140
2710,763,1,769,8,25260
2711,764,1,816,6,25260
2712,764,1,772,12,25260
2713,765,1,785,9,25320
2714,767,1,809,5,25380
2715,767,1,799,7,25380
2716,768,1,762,2,25440
2717,768,1,744,8,25440
2718,769,1,816,2,25440
2719,772,1,771,8,25560
2720,772,1,818,3,25560
2721,773,1,811,7,25560
2722,773,1,806,9,25560
2723,773,1,762,11,25560
2724,774,1,812,7,25620
2725,776,1,740,5,25740
2726,776,1,764,12,25740
2727,776,1,769,5,25740
2728,776,1,782,6,25740
2729,777,1,769,5,25800
2730,777,1,799,4,25800
2731,777,1,778,3,25800
2732,777,1,762,8,25800
2733,778,1,767,8,25860
2734,778,1,802,2,25860
2735,779,1,805,7,25920
2736,781,1,738,9,25980
2737,781,1,760,5,25980
2738,781,1,743,7,25980
2739,781,1,770,4,25980
2740,782,1,777,10,26040
2741,782,1,737,5,26040
2742,783,1,787,6,26040
2743,783,1,798,6,26040
2744,783,1,817,6,26040
2745,784,1,770,7,26040
2746,785,1,753,8,26040
2747,786,1,772,10,26100
2748,786,1,749,3,26100
2749,786,1,770,6,26100
2750,789,1,785,2,26280
2751,789,1,768,12,26280
2752,789,1,744,1,26280
2753,789,1,752,4,26280
2754,789,1,736,3,26280
2755,790,1,790,2,26280
2756,790,1,764,2,26280
2757,791,1,798,8,26280
2758,791,1,768,7,26280
2759,791,1,762,4,26280
2760,792,1,785,4,26280
2761,792,1,752,1,26280
