order_id,order_dum,order_type,item,qty,facing,due_date,station,pod_id,status,finish_time,date,time_gen
0,0,1,781,4,-1,99999,-1,-1,-3,-1,1,420
1,0,1,782,5,-1,99999,-1,-1,-3,-1,1,420
2,2,1,793,4,-1,99999,-1,-1,-3,-1,1,420
3,3,1,744,12,-1,99999,-1,-1,-3,-1,1,420
4,3,1,792,9,-1,99999,-1,-1,-3,-1,1,420
5,4,1,815,3,-1,99999,-1,-1,-3,-1,1,480
6,5,1,740,10,-1,99999,-1,-1,-3,-1,1,540
7,5,1,799,2,-1,99999,-1,-1,-3,-1,1,540
8,5,1,822,7,-1,99999,-1,-1,-3,-1,1,540
9,5,1,764,7,-1,99999,-1,-1,-3,-1,1,540
10,6,1,782,6,-1,99999,-1,-1,-3,-1,1,600
11,6,1,816,12,-1,99999,-1,-1,-3,-1,1,600
12,8,1,777,8,-1,99999,-1,-1,-3,-1,1,720
13,8,1,752,4,-1,99999,-1,-1,-3,-1,1,720
14,8,1,782,5,-1,99999,-1,-1,-3,-1,1,720
15,11,1,771,5,-1,99999,-1,-1,-3,-1,1,840
16,12,1,754,6,-1,99999,-1,-1,-3,-1,1,840
17,13,1,762,1,-1,99999,-1,-1,-3,-1,1,900
18,14,1,799,6,-1,99999,-1,-1,-3,-1,1,960
19,14,1,787,11,-1,99999,-1,-1,-3,-1,1,960
20,14,1,734,2,-1,99999,-1,-1,-3,-1,1,960
21,14,1,813,8,-1,99999,-1,-1,-3,-1,1,960
22,15,1,805,5,-1,99999,-1,-1,-3,-1,1,1020
23,15,1,739,4,-1,99999,-1,-1,-3,-1,1,1020
24,17,1,787,10,-1,99999,-1,-1,-3,-1,1,1080
25,17,1,808,7,-1,99999,-1,-1,-3,-1,1,1080
26,17,1,785,2,-1,99999,-1,-1,-3,-1,1,1080
27,18,1,806,7,-1,99999,-1,-1,-3,-1,1,1080
28,20,1,783,6,-1,99999,-1,-1,-3,-1,1,1080
29,20,1,747,3,-1,99999,-1,-1,-3,-1,1,1080
30,21,1,782,6,-1,99999,-1,-1,-3,-1,1,1140
31,21,1,751,2,-1,99999,-1,-1,-3,-1,1,1140
32,22,1,775,9,-1,99999,-1,-1,-3,-1,1,1140
33,23,1,735,3,-1,99999,-1,-1,-3,-1,1,1140
34,23,1,756,12,-1,99999,-1,-1,-3,-1,1,1140
35,24,1,822,6,-1,99999,-1,-1,-3,-1,1,1200
36,25,1,801,4,-1,99999,-1,-1,-3,-1,1,1200
37,26,1,762,3,-1,99999,-1,-1,-3,-1,1,1260
38,27,1,785,2,-1,99999,-1,-1,-3,-1,1,1320
39,28,1,739,6,-1,99999,-1,-1,-3,-1,1,1320
40,28,1,737,11,-1,99999,-1,-1,-3,-1,1,1320
41,28,1,795,8,-1,99999,-1,-1,-3,-1,1,1320
42,28,1,823,10,-1,99999,-1,-1,-3,-1,1,1320
43,28,1,775,2,-1,99999,-1,-1,-3,-1,1,1320
44,28,1,749,11,-1,99999,-1,-1,-3,-1,1,1320
45,28,1,771,10,-1,99999,-1,-1,-3,-1,1,1320
46,29,1,785,3,-1,99999,-1,-1,-3,-1,1,1380
47,29,1,770,10,-1,99999,-1,-1,-3,-1,1,1380
48,29,1,779,8,-1,99999,-1,-1,-3,-1,1,1380
49,30,1,739,12,-1,99999,-1,-1,-3,-1,1,1440
50,31,1,785,8,-1,99999,-1,-1,-3,-1,1,1440
51,31,1,778,8,-1,99999,-1,-1,-3,-1,1,1440
52,32,1,747,8,-1,99999,-1,-1,-3,-1,1,1500
53,32,1,785,7,-1,99999,-1,-1,-3,-1,1,1500
54,34,1,785,10,-1,99999,-1,-1,-3,-1,1,1560
55,35,1,821,7,-1,99999,-1,-1,-3,-1,1,1620
56,35,1,749,2,-1,99999,-1,-1,-3,-1,1,1620
57,35,1,746,5,-1,99999,-1,-1,-3,-1,1,1620
58,35,1,795,8,-1,99999,-1,-1,-3,-1,1,1620
59,36,1,770,12,-1,99999,-1,-1,-3,-1,1,1620
60,36,1,794,4,-1,99999,-1,-1,-3,-1,1,1620
61,36,1,799,9,-1,99999,-1,-1,-3,-1,1,1620
62,37,1,775,11,-1,99999,-1,-1,-3,-1,1,1680
63,38,1,742,11,-1,99999,-1,-1,-3,-1,1,1740
64,38,1,810,4,-1,99999,-1,-1,-3,-1,1,1740
65,38,1,816,11,-1,99999,-1,-1,-3,-1,1,1740
66,38,1,756,8,-1,99999,-1,-1,-3,-1,1,1740
67,38,1,771,7,-1,99999,-1,-1,-3,-1,1,1740
68,39,1,771,8,-1,99999,-1,-1,-3,-1,1,1800
69,40,1,792,4,-1,99999,-1,-1,-3,-1,1,1800
70,43,1,785,9,-1,99999,-1,-1,-3,-1,1,1860
71,44,1,771,9,-1,99999,-1,-1,-3,-1,1,1860
72,44,1,807,4,-1,99999,-1,-1,-3,-1,1,1860
73,44,1,805,5,-1,99999,-1,-1,-3,-1,1,1860
74,45,1,777,8,-1,99999,-1,-1,-3,-1,1,1920
75,46,1,806,6,-1,99999,-1,-1,-3,-1,1,1980
76,46,1,795,6,-1,99999,-1,-1,-3,-1,1,1980
77,46,1,794,2,-1,99999,-1,-1,-3,-1,1,1980
78,47,1,742,2,-1,99999,-1,-1,-3,-1,1,2100
79,50,1,750,10,-1,99999,-1,-1,-3,-1,1,2280
80,50,1,771,9,-1,99999,-1,-1,-3,-1,1,2280
81,51,1,771,6,-1,99999,-1,-1,-3,-1,1,2280
82,53,1,762,12,-1,99999,-1,-1,-3,-1,1,2340
83,55,1,771,10,-1,99999,-1,-1,-3,-1,1,2460
84,55,1,762,2,-1,99999,-1,-1,-3,-1,1,2460
85,56,1,762,9,-1,99999,-1,-1,-3,-1,1,2460
86,56,1,779,9,-1,99999,-1,-1,-3,-1,1,2460
87,56,1,785,7,-1,99999,-1,-1,-3,-1,1,2460
88,58,1,793,10,-1,99999,-1,-1,-3,-1,1,2460
89,58,1,765,7,-1,99999,-1,-1,-3,-1,1,2460
90,58,1,773,8,-1,99999,-1,-1,-3,-1,1,2460
91,58,1,771,9,-1,99999,-1,-1,-3,-1,1,2460
92,59,1,823,4,-1,99999,-1,-1,-3,-1,1,2520
93,59,1,769,10,-1,99999,-1,-1,-3,-1,1,2520
94,59,1,799,12,-1,99999,-1,-1,-3,-1,1,2520
95,59,1,810,1,-1,99999,-1,-1,-3,-1,1,2520
96,62,1,762,5,-1,99999,-1,-1,-3,-1,1,2520
97,63,1,822,6,-1,99999,-1,-1,-3,-1,1,2580
98,64,1,787,7,-1,99999,-1,-1,-3,-1,1,2640
99,65,1,768,6,-1,99999,-1,-1,-3,-1,1,2640
100,65,1,780,10,-1,99999,-1,-1,-3,-1,1,2640
101,65,1,762,11,-1,99999,-1,-1,-3,-1,1,2640
102,65,1,750,6,-1,99999,-1,-1,-3,-1,1,2640
103,65,1,770,10,-1,99999,-1,-1,-3,-1,1,2640
104,65,1,774,9,-1,99999,-1,-1,-3,-1,1,2640
105,66,1,810,6,-1,99999,-1,-1,-3,-1,1,2700
106,66,1,767,5,-1,99999,-1,-1,-3,-1,1,2700
107,66,1,762,7,-1,99999,-1,-1,-3,-1,1,2700
108,68,1,788,6,-1,99999,-1,-1,-3,-1,1,2760
109,68,1,762,12,-1,99999,-1,-1,-3,-1,1,2760
110,70,1,758,2,-1,99999,-1,-1,-3,-1,1,2820
111,70,1,771,4,-1,99999,-1,-1,-3,-1,1,2820
112,70,1,788,3,-1,99999,-1,-1,-3,-1,1,2820
113,71,1,762,4,-1,99999,-1,-1,-3,-1,1,2820
114,71,1,818,6,-1,99999,-1,-1,-3,-1,1,2820
115,72,1,740,3,-1,99999,-1,-1,-3,-1,1,2820
116,73,1,773,2,-1,99999,-1,-1,-3,-1,1,2820
117,73,1,754,10,-1,99999,-1,-1,-3,-1,1,2820
118,73,1,770,8,-1,99999,-1,-1,-3,-1,1,2820
119,74,1,753,8,-1,99999,-1,-1,-3,-1,1,2820
120,75,1,765,8,-1,99999,-1,-1,-3,-1,1,2940
121,75,1,743,10,-1,99999,-1,-1,-3,-1,1,2940
122,76,1,814,7,-1,99999,-1,-1,-3,-1,1,2940
123,77,1,754,7,-1,99999,-1,-1,-3,-1,1,2940
124,77,1,757,6,-1,99999,-1,-1,-3,-1,1,2940
125,77,1,784,12,-1,99999,-1,-1,-3,-1,1,2940
126,78,1,737,10,-1,99999,-1,-1,-3,-1,1,2940
127,79,1,782,9,-1,99999,-1,-1,-3,-1,1,2940
128,80,1,740,3,-1,99999,-1,-1,-3,-1,1,2940
129,81,1,816,10,-1,99999,-1,-1,-3,-1,1,3060
130,83,1,771,4,-1,99999,-1,-1,-3,-1,1,3120
131,84,1,740,4,-1,99999,-1,-1,-3,-1,1,3180
132,86,1,742,9,-1,99999,-1,-1,-3,-1,1,3240
133,87,1,753,8,-1,99999,-1,-1,-3,-1,1,3240
134,87,1,765,12,-1,99999,-1,-1,-3,-1,1,3240
135,87,1,798,6,-1,99999,-1,-1,-3,-1,1,3240
136,87,1,804,6,-1,99999,-1,-1,-3,-1,1,3240
137,89,1,760,9,-1,99999,-1,-1,-3,-1,1,3480
138,90,1,754,8,-1,99999,-1,-1,-3,-1,1,3480
139,91,1,740,6,-1,99999,-1,-1,-3,-1,1,3480
140,91,1,764,10,-1,99999,-1,-1,-3,-1,1,3480
141,91,1,749,7,-1,99999,-1,-1,-3,-1,1,3480
142,91,1,822,10,-1,99999,-1,-1,-3,-1,1,3480
143,91,1,786,4,-1,99999,-1,-1,-3,-1,1,3480
144,92,1,822,10,-1,99999,-1,-1,-3,-1,1,3540
145,93,1,814,8,-1,99999,-1,-1,-3,-1,1,3540
146,94,1,747,4,-1,99999,-1,-1,-3,-1,1,3600
147,94,1,799,10,-1,99999,-1,-1,-3,-1,1,3600
148,95,1,787,8,-1,99999,-1,-1,-3,-1,1,3600
149,95,1,775,12,-1,99999,-1,-1,-3,-1,1,3600
150,95,1,782,6,-1,99999,-1,-1,-3,-1,1,3600
151,96,1,797,11,-1,99999,-1,-1,-3,-1,1,3660
152,97,1,742,8,-1,99999,-1,-1,-3,-1,1,3660
153,98,1,785,6,-1,99999,-1,-1,-3,-1,1,3660
154,98,1,778,5,-1,99999,-1,-1,-3,-1,1,3660
155,98,1,817,1,-1,99999,-1,-1,-3,-1,1,3660
156,100,1,822,6,-1,99999,-1,-1,-3,-1,1,3420
157,100,1,789,8,-1,99999,-1,-1,-3,-1,1,3420
158,100,1,775,2,-1,99999,-1,-1,-3,-1,1,3420
159,100,1,765,7,-1,99999,-1,-1,-3,-1,1,3420
160,102,1,775,8,-1,99999,-1,-1,-3,-1,1,3480
161,102,1,747,12,-1,99999,-1,-1,-3,-1,1,3480
162,102,1,769,6,-1,99999,-1,-1,-3,-1,1,3480
163,104,1,785,7,-1,99999,-1,-1,-3,-1,1,3660
164,104,1,768,4,-1,99999,-1,-1,-3,-1,1,3660
165,106,1,772,10,-1,99999,-1,-1,-3,-1,1,3840
166,106,1,748,9,-1,99999,-1,-1,-3,-1,1,3840
167,106,1,744,5,-1,99999,-1,-1,-3,-1,1,3840
168,107,1,822,12,-1,99999,-1,-1,-3,-1,1,3840
169,108,1,788,2,-1,99999,-1,-1,-3,-1,1,3840
170,108,1,799,5,-1,99999,-1,-1,-3,-1,1,3840
171,108,1,776,6,-1,99999,-1,-1,-3,-1,1,3840
172,108,1,739,5,-1,99999,-1,-1,-3,-1,1,3840
173,108,1,782,3,-1,99999,-1,-1,-3,-1,1,3840
174,108,1,777,6,-1,99999,-1,-1,-3,-1,1,3840
175,109,1,818,5,-1,99999,-1,-1,-3,-1,1,3900
176,109,1,794,8,-1,99999,-1,-1,-3,-1,1,3900
177,110,1,797,10,-1,99999,-1,-1,-3,-1,1,4020
178,110,1,761,6,-1,99999,-1,-1,-3,-1,1,4020
179,110,1,821,2,-1,99999,-1,-1,-3,-1,1,4020
180,111,1,816,6,-1,99999,-1,-1,-3,-1,1,4020
181,112,1,740,10,-1,99999,-1,-1,-3,-1,1,4080
182,112,1,742,10,-1,99999,-1,-1,-3,-1,1,4080
183,112,1,819,10,-1,99999,-1,-1,-3,-1,1,4080
184,112,1,822,8,-1,99999,-1,-1,-3,-1,1,4080
185,113,1,762,5,-1,99999,-1,-1,-3,-1,1,4080
186,113,1,813,4,-1,99999,-1,-1,-3,-1,1,4080
187,114,1,762,6,-1,99999,-1,-1,-3,-1,1,4080
188,114,1,809,9,-1,99999,-1,-1,-3,-1,1,4080
189,116,1,739,6,-1,99999,-1,-1,-3,-1,1,4140
190,116,1,805,6,-1,99999,-1,-1,-3,-1,1,4140
191,116,1,761,6,-1,99999,-1,-1,-3,-1,1,4140
192,116,1,758,9,-1,99999,-1,-1,-3,-1,1,4140
193,116,1,750,8,-1,99999,-1,-1,-3,-1,1,4140
194,117,1,762,12,-1,99999,-1,-1,-3,-1,1,4200
195,118,1,806,6,-1,99999,-1,-1,-3,-1,1,4200
196,119,1,799,3,-1,99999,-1,-1,-3,-1,1,4200
197,119,1,744,10,-1,99999,-1,-1,-3,-1,1,4200
198,123,1,743,4,-1,99999,-1,-1,-3,-1,1,4320
199,123,1,752,2,-1,99999,-1,-1,-3,-1,1,4320
200,124,1,799,4,-1,99999,-1,-1,-3,-1,1,4380
201,124,1,755,5,-1,99999,-1,-1,-3,-1,1,4380
202,124,1,744,8,-1,99999,-1,-1,-3,-1,1,4380
203,125,1,739,8,-1,99999,-1,-1,-3,-1,1,4380
204,126,1,750,6,-1,99999,-1,-1,-3,-1,1,4440
205,126,1,799,8,-1,99999,-1,-1,-3,-1,1,4440
206,128,1,802,4,-1,99999,-1,-1,-3,-1,1,4500
207,129,1,748,8,-1,99999,-1,-1,-3,-1,1,4500
208,130,1,746,2,-1,99999,-1,-1,-3,-1,1,4680
209,131,1,739,7,-1,99999,-1,-1,-3,-1,1,4680
210,131,1,768,2,-1,99999,-1,-1,-3,-1,1,4680
211,133,1,764,4,-1,99999,-1,-1,-3,-1,1,4800
212,133,1,800,4,-1,99999,-1,-1,-3,-1,1,4800
213,135,1,798,6,-1,99999,-1,-1,-3,-1,1,5040
214,135,1,749,8,-1,99999,-1,-1,-3,-1,1,5040
215,135,1,746,7,-1,99999,-1,-1,-3,-1,1,5040
216,135,1,782,10,-1,99999,-1,-1,-3,-1,1,5040
217,135,1,752,6,-1,99999,-1,-1,-3,-1,1,5040
218,135,1,822,4,-1,99999,-1,-1,-3,-1,1,5040
219,136,1,762,3,-1,99999,-1,-1,-3,-1,1,5100
220,136,1,778,8,-1,99999,-1,-1,-3,-1,1,5100
221,136,1,807,7,-1,99999,-1,-1,-3,-1,1,5100
222,140,1,810,3,-1,99999,-1,-1,-3,-1,1,5280
223,141,1,770,8,-1,99999,-1,-1,-3,-1,1,5280
224,142,1,777,10,-1,99999,-1,-1,-3,-1,1,5340
225,143,1,771,10,-1,99999,-1,-1,-3,-1,1,5400
226,143,1,737,4,-1,99999,-1,-1,-3,-1,1,5400
227,144,1,775,4,-1,99999,-1,-1,-3,-1,1,5460
228,144,1,770,8,-1,99999,-1,-1,-3,-1,1,5460
229,144,1,740,2,-1,99999,-1,-1,-3,-1,1,5460
230,146,1,822,6,-1,99999,-1,-1,-3,-1,1,5520
231,147,1,775,7,-1,99999,-1,-1,-3,-1,1,5520
232,147,1,782,8,-1,99999,-1,-1,-3,-1,1,5520
233,148,1,802,11,-1,99999,-1,-1,-3,-1,1,5580
234,148,1,795,7,-1,99999,-1,-1,-3,-1,1,5580
235,149,1,742,6,-1,99999,-1,-1,-3,-1,1,5580
236,150,1,740,4,-1,99999,-1,-1,-3,-1,1,5580
237,150,1,819,2,-1,99999,-1,-1,-3,-1,1,5580
238,151,1,747,9,-1,99999,-1,-1,-3,-1,1,5640
239,151,1,742,10,-1,99999,-1,-1,-3,-1,1,5640
240,153,1,738,9,-1,99999,-1,-1,-3,-1,1,5640
241,153,1,808,4,-1,99999,-1,-1,-3,-1,1,5640
242,153,1,762,7,-1,99999,-1,-1,-3,-1,1,5640
243,153,1,788,12,-1,99999,-1,-1,-3,-1,1,5640
244,154,1,770,12,-1,99999,-1,-1,-3,-1,1,5700
245,155,1,747,4,-1,99999,-1,-1,-3,-1,1,5700
246,155,1,788,3,-1,99999,-1,-1,-3,-1,1,5700
247,156,1,759,3,-1,99999,-1,-1,-3,-1,1,5760
248,157,1,753,12,-1,99999,-1,-1,-3,-1,1,5880
249,158,1,762,7,-1,99999,-1,-1,-3,-1,1,5880
250,160,1,814,8,-1,99999,-1,-1,-3,-1,1,5880
251,162,1,801,6,-1,99999,-1,-1,-3,-1,1,5880
252,162,1,795,9,-1,99999,-1,-1,-3,-1,1,5880
253,162,1,789,9,-1,99999,-1,-1,-3,-1,1,5880
254,164,1,807,8,-1,99999,-1,-1,-3,-1,1,6060
255,164,1,760,5,-1,99999,-1,-1,-3,-1,1,6060
256,165,1,784,7,-1,99999,-1,-1,-3,-1,1,6120
257,165,1,823,9,-1,99999,-1,-1,-3,-1,1,6120
258,165,1,769,9,-1,99999,-1,-1,-3,-1,1,6120
259,165,1,765,4,-1,99999,-1,-1,-3,-1,1,6120
260,167,1,812,11,-1,99999,-1,-1,-3,-1,1,6180
261,167,1,777,7,-1,99999,-1,-1,-3,-1,1,6180
262,169,1,739,8,-1,99999,-1,-1,-3,-1,1,6240
263,170,1,771,6,-1,99999,-1,-1,-3,-1,1,6240
264,171,1,740,8,-1,99999,-1,-1,-3,-1,1,6240
265,171,1,790,10,-1,99999,-1,-1,-3,-1,1,6240
266,171,1,784,12,-1,99999,-1,-1,-3,-1,1,6240
267,171,1,743,8,-1,99999,-1,-1,-3,-1,1,6240
268,171,1,799,9,-1,99999,-1,-1,-3,-1,1,6240
269,171,1,822,9,-1,99999,-1,-1,-3,-1,1,6240
270,172,1,767,8,-1,99999,-1,-1,-3,-1,1,6300
271,172,1,757,6,-1,99999,-1,-1,-3,-1,1,6300
272,173,1,823,10,-1,99999,-1,-1,-3,-1,1,6360
273,174,1,773,6,-1,99999,-1,-1,-3,-1,1,6360
274,174,1,799,10,-1,99999,-1,-1,-3,-1,1,6360
275,175,1,740,7,-1,99999,-1,-1,-3,-1,1,6360
276,175,1,822,6,-1,99999,-1,-1,-3,-1,1,6360
277,176,1,816,2,-1,99999,-1,-1,-3,-1,1,6360
278,177,1,772,1,-1,99999,-1,-1,-3,-1,1,6420
279,178,1,800,3,-1,99999,-1,-1,-3,-1,1,6420
280,181,1,795,11,-1,99999,-1,-1,-3,-1,1,6480
281,183,1,767,1,-1,99999,-1,-1,-3,-1,1,6540
282,183,1,750,2,-1,99999,-1,-1,-3,-1,1,6540
283,183,1,812,6,-1,99999,-1,-1,-3,-1,1,6540
284,183,1,760,12,-1,99999,-1,-1,-3,-1,1,6540
285,183,1,765,12,-1,99999,-1,-1,-3,-1,1,6540
286,183,1,742,8,-1,99999,-1,-1,-3,-1,1,6540
287,183,1,771,9,-1,99999,-1,-1,-3,-1,1,6540
288,185,1,771,6,-1,99999,-1,-1,-3,-1,1,6540
289,186,1,793,8,-1,99999,-1,-1,-3,-1,1,6600
290,187,1,749,6,-1,99999,-1,-1,-3,-1,1,6600
291,188,1,762,2,-1,99999,-1,-1,-3,-1,1,6600
292,188,1,757,4,-1,99999,-1,-1,-3,-1,1,6600
293,189,1,801,7,-1,99999,-1,-1,-3,-1,1,6600
294,190,1,821,6,-1,99999,-1,-1,-3,-1,1,6720
295,192,1,786,6,-1,99999,-1,-1,-3,-1,1,6780
296,192,1,737,8,-1,99999,-1,-1,-3,-1,1,6780
297,193,1,814,3,-1,99999,-1,-1,-3,-1,1,6780
298,193,1,746,9,-1,99999,-1,-1,-3,-1,1,6780
299,193,1,760,11,-1,99999,-1,-1,-3,-1,1,6780
300,194,1,759,11,-1,99999,-1,-1,-3,-1,1,6780
301,195,1,767,11,-1,99999,-1,-1,-3,-1,1,6780
302,196,1,740,8,-1,99999,-1,-1,-3,-1,1,6840
303,197,1,762,11,-1,99999,-1,-1,-3,-1,1,6900
304,197,1,739,9,-1,99999,-1,-1,-3,-1,1,6900
305,197,1,795,8,-1,99999,-1,-1,-3,-1,1,6900
306,198,1,742,9,-1,99999,-1,-1,-3,-1,1,6900
307,198,1,822,8,-1,99999,-1,-1,-3,-1,1,6900
308,198,1,804,3,-1,99999,-1,-1,-3,-1,1,6900
309,198,1,767,11,-1,99999,-1,-1,-3,-1,1,6900
310,199,1,766,12,-1,99999,-1,-1,-3,-1,1,6900
311,199,1,799,8,-1,99999,-1,-1,-3,-1,1,6900
312,200,1,759,7,-1,99999,-1,-1,-3,-1,1,6900
313,200,1,742,10,-1,99999,-1,-1,-3,-1,1,6900
314,200,1,749,6,-1,99999,-1,-1,-3,-1,1,6900
315,200,1,746,11,-1,99999,-1,-1,-3,-1,1,6900
316,200,1,762,12,-1,99999,-1,-1,-3,-1,1,6900
317,201,1,742,6,-1,99999,-1,-1,-3,-1,1,6900
318,201,1,752,2,-1,99999,-1,-1,-3,-1,1,6900
319,203,1,771,10,-1,99999,-1,-1,-3,-1,1,7020
320,204,1,740,12,-1,99999,-1,-1,-3,-1,1,7020
321,205,1,775,5,-1,99999,-1,-1,-3,-1,1,7080
322,205,1,746,3,-1,99999,-1,-1,-3,-1,1,7080
323,207,1,740,7,-1,99999,-1,-1,-3,-1,1,7200
324,208,1,789,10,-1,99999,-1,-1,-3,-1,1,7200
325,210,1,810,6,-1,99999,-1,-1,-3,-1,1,7200
326,210,1,762,7,-1,99999,-1,-1,-3,-1,1,7200
327,211,1,820,10,-1,99999,-1,-1,-3,-1,1,7260
328,211,1,808,12,-1,99999,-1,-1,-3,-1,1,7260
329,211,1,769,8,-1,99999,-1,-1,-3,-1,1,7260
330,212,1,794,2,-1,99999,-1,-1,-3,-1,1,7320
331,213,1,734,2,-1,99999,-1,-1,-3,-1,1,7320
332,214,1,774,8,-1,99999,-1,-1,-3,-1,1,7320
333,215,1,757,8,-1,99999,-1,-1,-3,-1,1,7380
334,217,1,807,9,-1,99999,-1,-1,-3,-1,1,7380
335,217,1,749,3,-1,99999,-1,-1,-3,-1,1,7380
336,218,1,769,10,-1,99999,-1,-1,-3,-1,1,7500
337,219,1,772,8,-1,99999,-1,-1,-3,-1,1,7560
338,221,1,735,10,-1,99999,-1,-1,-3,-1,1,7680
339,222,1,765,8,-1,99999,-1,-1,-3,-1,1,7680
340,223,1,823,6,-1,99999,-1,-1,-3,-1,1,7740
341,225,1,777,4,-1,99999,-1,-1,-3,-1,1,7740
342,227,1,823,4,-1,99999,-1,-1,-3,-1,1,7800
343,229,1,750,6,-1,99999,-1,-1,-3,-1,1,7860
344,229,1,793,4,-1,99999,-1,-1,-3,-1,1,7860
345,229,1,822,4,-1,99999,-1,-1,-3,-1,1,7860
346,229,1,754,8,-1,99999,-1,-1,-3,-1,1,7860
347,231,1,763,4,-1,99999,-1,-1,-3,-1,1,7920
348,231,1,785,3,-1,99999,-1,-1,-3,-1,1,7920
349,231,1,793,8,-1,99999,-1,-1,-3,-1,1,7920
350,232,1,777,7,-1,99999,-1,-1,-3,-1,1,7920
351,233,1,767,4,-1,99999,-1,-1,-3,-1,1,7980
352,233,1,799,11,-1,99999,-1,-1,-3,-1,1,7980
353,234,1,771,10,-1,99999,-1,-1,-3,-1,1,8040
354,234,1,814,6,-1,99999,-1,-1,-3,-1,1,8040
355,234,1,740,7,-1,99999,-1,-1,-3,-1,1,8040
356,235,1,765,3,-1,99999,-1,-1,-3,-1,1,8040
357,236,1,767,12,-1,99999,-1,-1,-3,-1,1,8040
358,236,1,777,4,-1,99999,-1,-1,-3,-1,1,8040
359,236,1,808,8,-1,99999,-1,-1,-3,-1,1,8040
360,237,1,757,11,-1,99999,-1,-1,-3,-1,1,8040
361,238,1,818,12,-1,99999,-1,-1,-3,-1,1,8100
362,238,1,773,3,-1,99999,-1,-1,-3,-1,1,8100
363,238,1,799,7,-1,99999,-1,-1,-3,-1,1,8100
364,241,1,784,7,-1,99999,-1,-1,-3,-1,1,8220
365,241,1,807,8,-1,99999,-1,-1,-3,-1,1,8220
366,242,1,764,6,-1,99999,-1,-1,-3,-1,1,8340
367,243,1,785,4,-1,99999,-1,-1,-3,-1,1,8340
368,244,1,741,4,-1,99999,-1,-1,-3,-1,1,8340
369,245,1,771,8,-1,99999,-1,-1,-3,-1,1,8340
370,246,1,754,10,-1,99999,-1,-1,-3,-1,1,8520
371,247,1,785,6,-1,99999,-1,-1,-3,-1,1,8520
372,247,1,760,6,-1,99999,-1,-1,-3,-1,1,8520
373,247,1,749,4,-1,99999,-1,-1,-3,-1,1,8520
374,247,1,754,4,-1,99999,-1,-1,-3,-1,1,8520
375,247,1,767,7,-1,99999,-1,-1,-3,-1,1,8520
376,247,1,788,7,-1,99999,-1,-1,-3,-1,1,8520
377,248,1,775,6,-1,99999,-1,-1,-3,-1,1,8580
378,249,1,737,6,-1,99999,-1,-1,-3,-1,1,8580
379,249,1,754,8,-1,99999,-1,-1,-3,-1,1,8580
380,250,1,770,7,-1,99999,-1,-1,-3,-1,1,8580
381,251,1,767,9,-1,99999,-1,-1,-3,-1,1,8640
382,251,1,750,3,-1,99999,-1,-1,-3,-1,1,8640
383,251,1,749,9,-1,99999,-1,-1,-3,-1,1,8640
384,252,1,779,1,-1,99999,-1,-1,-3,-1,1,8700
385,252,1,762,9,-1,99999,-1,-1,-3,-1,1,8700
386,253,1,762,11,-1,99999,-1,-1,-3,-1,1,8880
387,253,1,784,7,-1,99999,-1,-1,-3,-1,1,8880
388,254,1,742,9,-1,99999,-1,-1,-3,-1,1,8880
389,255,1,740,3,-1,99999,-1,-1,-3,-1,1,8940
390,256,1,764,10,-1,99999,-1,-1,-3,-1,1,9120
391,256,1,816,10,-1,99999,-1,-1,-3,-1,1,9120
392,256,1,777,6,-1,99999,-1,-1,-3,-1,1,9120
393,257,1,785,4,-1,99999,-1,-1,-3,-1,1,9180
394,258,1,749,1,-1,99999,-1,-1,-3,-1,1,9180
395,258,1,755,4,-1,99999,-1,-1,-3,-1,1,9180
396,259,1,808,3,-1,99999,-1,-1,-3,-1,1,9180
397,260,1,777,2,-1,99999,-1,-1,-3,-1,1,9240
398,261,1,785,7,-1,99999,-1,-1,-3,-1,1,9300
399,261,1,747,10,-1,99999,-1,-1,-3,-1,1,9300
400,263,1,785,5,-1,99999,-1,-1,-3,-1,1,9300
401,264,1,782,9,-1,99999,-1,-1,-3,-1,1,9300
402,264,1,766,2,-1,99999,-1,-1,-3,-1,1,9300
403,266,1,822,7,-1,99999,-1,-1,-3,-1,1,9420
404,266,1,762,6,-1,99999,-1,-1,-3,-1,1,9420
405,268,1,737,12,-1,99999,-1,-1,-3,-1,1,9420
406,269,1,765,6,-1,99999,-1,-1,-3,-1,1,9480
407,269,1,784,4,-1,99999,-1,-1,-3,-1,1,9480
408,270,1,812,7,-1,99999,-1,-1,-3,-1,1,9540
409,270,1,757,3,-1,99999,-1,-1,-3,-1,1,9540
410,270,1,771,4,-1,99999,-1,-1,-3,-1,1,9540
411,271,1,782,5,-1,99999,-1,-1,-3,-1,1,9540
412,271,1,764,8,-1,99999,-1,-1,-3,-1,1,9540
413,271,1,813,11,-1,99999,-1,-1,-3,-1,1,9540
414,271,1,799,10,-1,99999,-1,-1,-3,-1,1,9540
415,272,1,796,8,-1,99999,-1,-1,-3,-1,1,9540
416,273,1,762,10,-1,99999,-1,-1,-3,-1,1,9600
417,274,1,740,8,-1,99999,-1,-1,-3,-1,1,9600
418,275,1,760,6,-1,99999,-1,-1,-3,-1,1,9600
419,277,1,795,5,-1,99999,-1,-1,-3,-1,1,9660
420,278,1,734,7,-1,99999,-1,-1,-3,-1,1,9660
421,280,1,758,7,-1,99999,-1,-1,-3,-1,1,9780
422,280,1,786,8,-1,99999,-1,-1,-3,-1,1,9780
423,280,1,812,6,-1,99999,-1,-1,-3,-1,1,9780
424,281,1,776,4,-1,99999,-1,-1,-3,-1,1,9840
425,281,1,770,4,-1,99999,-1,-1,-3,-1,1,9840
426,281,1,794,8,-1,99999,-1,-1,-3,-1,1,9840
427,282,1,753,3,-1,99999,-1,-1,-3,-1,1,9900
428,282,1,762,5,-1,99999,-1,-1,-3,-1,1,9900
429,284,1,753,9,-1,99999,-1,-1,-3,-1,1,10080
430,284,1,738,8,-1,99999,-1,-1,-3,-1,1,10080
431,285,1,790,8,-1,99999,-1,-1,-3,-1,1,10080
432,285,1,812,7,-1,99999,-1,-1,-3,-1,1,10080
433,287,1,784,10,-1,99999,-1,-1,-3,-1,1,10140
434,287,1,793,10,-1,99999,-1,-1,-3,-1,1,10140
435,287,1,816,3,-1,99999,-1,-1,-3,-1,1,10140
436,290,1,741,4,-1,99999,-1,-1,-3,-1,1,10260
437,290,1,809,8,-1,99999,-1,-1,-3,-1,1,10260
438,290,1,785,3,-1,99999,-1,-1,-3,-1,1,10260
439,290,1,734,8,-1,99999,-1,-1,-3,-1,1,10260
440,290,1,822,4,-1,99999,-1,-1,-3,-1,1,10260
441,290,1,804,8,-1,99999,-1,-1,-3,-1,1,10260
442,291,1,752,8,-1,99999,-1,-1,-3,-1,1,10260
443,293,1,741,6,-1,99999,-1,-1,-3,-1,1,10320
444,294,1,771,1,-1,99999,-1,-1,-3,-1,1,10380
445,294,1,762,3,-1,99999,-1,-1,-3,-1,1,10380
446,294,1,766,7,-1,99999,-1,-1,-3,-1,1,10380
447,295,1,757,6,-1,99999,-1,-1,-3,-1,1,10380
448,295,1,771,4,-1,99999,-1,-1,-3,-1,1,10380
449,295,1,819,7,-1,99999,-1,-1,-3,-1,1,10380
450,295,1,799,7,-1,99999,-1,-1,-3,-1,1,10380
451,295,1,775,1,-1,99999,-1,-1,-3,-1,1,10380
452,295,1,744,6,-1,99999,-1,-1,-3,-1,1,10380
453,295,1,801,1,-1,99999,-1,-1,-3,-1,1,10380
454,297,1,771,10,-1,99999,-1,-1,-3,-1,1,10440
455,297,1,810,6,-1,99999,-1,-1,-3,-1,1,10440
456,297,1,822,4,-1,99999,-1,-1,-3,-1,1,10440
457,298,1,766,10,-1,99999,-1,-1,-3,-1,1,10440
458,299,1,777,7,-1,99999,-1,-1,-3,-1,1,10500
459,300,1,739,4,-1,99999,-1,-1,-3,-1,1,10500
460,300,1,744,9,-1,99999,-1,-1,-3,-1,1,10500
461,300,1,785,8,-1,99999,-1,-1,-3,-1,1,10500
462,301,1,782,3,-1,99999,-1,-1,-3,-1,1,10560
463,301,1,808,1,-1,99999,-1,-1,-3,-1,1,10560
464,301,1,806,7,-1,99999,-1,-1,-3,-1,1,10560
465,301,1,764,1,-1,99999,-1,-1,-3,-1,1,10560
466,302,1,816,5,-1,99999,-1,-1,-3,-1,1,10560
467,303,1,757,2,-1,99999,-1,-1,-3,-1,1,10560
468,304,1,799,4,-1,99999,-1,-1,-3,-1,1,10620
469,304,1,757,4,-1,99999,-1,-1,-3,-1,1,10620
470,304,1,808,10,-1,99999,-1,-1,-3,-1,1,10620
471,307,1,738,1,-1,99999,-1,-1,-3,-1,1,10740
472,308,1,777,5,-1,99999,-1,-1,-3,-1,1,10740
473,308,1,793,6,-1,99999,-1,-1,-3,-1,1,10740
474,309,1,743,4,-1,99999,-1,-1,-3,-1,1,10800
475,310,1,791,6,-1,99999,-1,-1,-3,-1,1,10800
476,310,1,757,4,-1,99999,-1,-1,-3,-1,1,10800
477,310,1,762,3,-1,99999,-1,-1,-3,-1,1,10800
478,311,1,817,8,-1,99999,-1,-1,-3,-1,1,10800
479,312,1,779,5,-1,99999,-1,-1,-3,-1,1,10860
480,313,1,795,12,-1,99999,-1,-1,-3,-1,1,10860
481,314,1,794,10,-1,99999,-1,-1,-3,-1,1,10920
482,315,1,770,8,-1,99999,-1,-1,-3,-1,1,10980
483,316,1,740,6,-1,99999,-1,-1,-3,-1,1,10980
484,317,1,810,5,-1,99999,-1,-1,-3,-1,1,10980
485,320,1,816,1,-1,99999,-1,-1,-3,-1,1,11100
486,320,1,822,10,-1,99999,-1,-1,-3,-1,1,11100
487,320,1,806,5,-1,99999,-1,-1,-3,-1,1,11100
488,322,1,800,6,-1,99999,-1,-1,-3,-1,1,11160
489,325,1,752,9,-1,99999,-1,-1,-3,-1,1,11160
490,327,1,737,5,-1,99999,-1,-1,-3,-1,1,11220
491,327,1,754,8,-1,99999,-1,-1,-3,-1,1,11220
492,327,1,771,10,-1,99999,-1,-1,-3,-1,1,11220
493,329,1,742,8,-1,99999,-1,-1,-3,-1,1,11220
494,329,1,749,5,-1,99999,-1,-1,-3,-1,1,11220
495,329,1,790,5,-1,99999,-1,-1,-3,-1,1,11220
496,329,1,757,10,-1,99999,-1,-1,-3,-1,1,11220
497,329,1,744,4,-1,99999,-1,-1,-3,-1,1,11220
498,329,1,799,7,-1,99999,-1,-1,-3,-1,1,11220
499,330,1,772,5,-1,99999,-1,-1,-3,-1,1,11280
500,331,1,783,12,-1,99999,-1,-1,-3,-1,1,11280
501,332,1,793,4,-1,99999,-1,-1,-3,-1,1,11280
502,334,1,754,10,-1,99999,-1,-1,-3,-1,1,11400
503,334,1,806,6,-1,99999,-1,-1,-3,-1,1,11400
504,336,1,767,8,-1,99999,-1,-1,-3,-1,1,11400
505,339,1,785,8,-1,99999,-1,-1,-3,-1,1,11580
506,339,1,804,6,-1,99999,-1,-1,-3,-1,1,11580
507,339,1,762,2,-1,99999,-1,-1,-3,-1,1,11580
508,340,1,742,6,-1,99999,-1,-1,-3,-1,1,11580
509,340,1,744,2,-1,99999,-1,-1,-3,-1,1,11580
510,340,1,797,8,-1,99999,-1,-1,-3,-1,1,11580
511,342,1,771,9,-1,99999,-1,-1,-3,-1,1,11640
512,342,1,762,6,-1,99999,-1,-1,-3,-1,1,11640
513,342,1,822,1,-1,99999,-1,-1,-3,-1,1,11640
514,342,1,780,6,-1,99999,-1,-1,-3,-1,1,11640
515,343,1,748,4,-1,99999,-1,-1,-3,-1,1,11640
516,343,1,782,2,-1,99999,-1,-1,-3,-1,1,11640
517,343,1,755,3,-1,99999,-1,-1,-3,-1,1,11640
518,343,1,762,8,-1,99999,-1,-1,-3,-1,1,11640
519,344,1,740,4,-1,99999,-1,-1,-3,-1,1,11700
520,346,1,756,10,-1,99999,-1,-1,-3,-1,1,11760
521,346,1,794,6,-1,99999,-1,-1,-3,-1,1,11760
522,346,1,739,10,-1,99999,-1,-1,-3,-1,1,11760
523,346,1,747,4,-1,99999,-1,-1,-3,-1,1,11760
524,347,1,807,8,-1,99999,-1,-1,-3,-1,1,11760
525,348,1,822,2,-1,99999,-1,-1,-3,-1,1,11760
526,348,1,792,4,-1,99999,-1,-1,-3,-1,1,11760
527,348,1,785,8,-1,99999,-1,-1,-3,-1,1,11760
528,349,1,757,12,-1,99999,-1,-1,-3,-1,1,11760
529,350,1,769,5,-1,99999,-1,-1,-3,-1,1,11820
530,351,1,760,8,-1,99999,-1,-1,-3,-1,1,11820
531,351,1,794,7,-1,99999,-1,-1,-3,-1,1,11820
532,352,1,764,8,-1,99999,-1,-1,-3,-1,1,11820
533,353,1,751,7,-1,99999,-1,-1,-3,-1,1,11820
534,355,1,787,2,-1,99999,-1,-1,-3,-1,1,11880
535,356,1,808,6,-1,99999,-1,-1,-3,-1,1,11940
536,356,1,823,2,-1,99999,-1,-1,-3,-1,1,11940
537,357,1,771,4,-1,99999,-1,-1,-3,-1,1,11940
538,358,1,761,5,-1,99999,-1,-1,-3,-1,1,11940
539,358,1,777,9,-1,99999,-1,-1,-3,-1,1,11940
540,359,1,782,6,-1,99999,-1,-1,-3,-1,1,12120
541,359,1,777,4,-1,99999,-1,-1,-3,-1,1,12120
542,359,1,813,7,-1,99999,-1,-1,-3,-1,1,12120
543,359,1,799,8,-1,99999,-1,-1,-3,-1,1,12120
544,359,1,766,10,-1,99999,-1,-1,-3,-1,1,12120
545,359,1,802,10,-1,99999,-1,-1,-3,-1,1,12120
546,359,1,815,7,-1,99999,-1,-1,-3,-1,1,12120
547,359,1,761,5,-1,99999,-1,-1,-3,-1,1,12120
548,359,1,751,8,-1,99999,-1,-1,-3,-1,1,12120
549,359,1,823,6,-1,99999,-1,-1,-3,-1,1,12120
550,361,1,771,6,-1,99999,-1,-1,-3,-1,1,12240
551,362,1,770,6,-1,99999,-1,-1,-3,-1,1,12240
552,362,1,794,10,-1,99999,-1,-1,-3,-1,1,12240
553,362,1,773,5,-1,99999,-1,-1,-3,-1,1,12240
554,362,1,777,5,-1,99999,-1,-1,-3,-1,1,12240
555,362,1,754,6,-1,99999,-1,-1,-3,-1,1,12240
556,363,1,775,6,-1,99999,-1,-1,-3,-1,1,12360
557,364,1,795,4,-1,99999,-1,-1,-3,-1,1,12420
558,364,1,822,8,-1,99999,-1,-1,-3,-1,1,12420
559,366,1,793,3,-1,99999,-1,-1,-3,-1,1,12540
560,366,1,785,7,-1,99999,-1,-1,-3,-1,1,12540
561,366,1,804,2,-1,99999,-1,-1,-3,-1,1,12540
562,366,1,739,6,-1,99999,-1,-1,-3,-1,1,12540
563,367,1,811,4,-1,99999,-1,-1,-3,-1,1,12540
564,367,1,782,8,-1,99999,-1,-1,-3,-1,1,12540
565,367,1,754,2,-1,99999,-1,-1,-3,-1,1,12540
566,367,1,765,8,-1,99999,-1,-1,-3,-1,1,12540
567,368,1,762,11,-1,99999,-1,-1,-3,-1,1,12540
568,369,1,812,6,-1,99999,-1,-1,-3,-1,1,12600
569,369,1,771,8,-1,99999,-1,-1,-3,-1,1,12600
570,370,1,739,4,-1,99999,-1,-1,-3,-1,1,12660
571,371,1,822,8,-1,99999,-1,-1,-3,-1,1,12660
572,371,1,794,7,-1,99999,-1,-1,-3,-1,1,12660
573,373,1,777,12,-1,99999,-1,-1,-3,-1,1,12660
574,373,1,771,4,-1,99999,-1,-1,-3,-1,1,12660
575,373,1,779,6,-1,99999,-1,-1,-3,-1,1,12660
576,375,1,809,12,-1,99999,-1,-1,-3,-1,1,12720
577,376,1,757,6,-1,99999,-1,-1,-3,-1,1,12780
578,377,1,822,3,-1,99999,-1,-1,-3,-1,1,12780
579,377,1,770,1,-1,99999,-1,-1,-3,-1,1,12780
580,378,1,765,7,-1,99999,-1,-1,-3,-1,1,12780
581,378,1,813,8,-1,99999,-1,-1,-3,-1,1,12780
582,378,1,769,6,-1,99999,-1,-1,-3,-1,1,12780
583,378,1,795,4,-1,99999,-1,-1,-3,-1,1,12780
584,378,1,762,5,-1,99999,-1,-1,-3,-1,1,12780
585,378,1,770,2,-1,99999,-1,-1,-3,-1,1,12780
586,380,1,798,8,-1,99999,-1,-1,-3,-1,1,12900
587,381,1,771,7,-1,99999,-1,-1,-3,-1,1,12900
588,382,1,771,5,-1,99999,-1,-1,-3,-1,1,13020
589,382,1,772,2,-1,99999,-1,-1,-3,-1,1,13020
590,383,1,815,7,-1,99999,-1,-1,-3,-1,1,13020
591,383,1,757,11,-1,99999,-1,-1,-3,-1,1,13020
592,383,1,789,5,-1,99999,-1,-1,-3,-1,1,13020
593,383,1,799,3,-1,99999,-1,-1,-3,-1,1,13020
594,384,1,822,2,-1,99999,-1,-1,-3,-1,1,13020
595,385,1,764,6,-1,99999,-1,-1,-3,-1,1,13020
596,385,1,745,8,-1,99999,-1,-1,-3,-1,1,13020
597,387,1,772,6,-1,99999,-1,-1,-3,-1,1,13020
598,390,1,768,8,-1,99999,-1,-1,-3,-1,1,13140
599,390,1,809,10,-1,99999,-1,-1,-3,-1,1,13140
600,390,1,793,10,-1,99999,-1,-1,-3,-1,1,13140
601,391,1,770,4,-1,99999,-1,-1,-3,-1,1,13140
602,392,1,754,9,-1,99999,-1,-1,-3,-1,1,13200
603,395,1,771,11,-1,99999,-1,-1,-3,-1,1,13260
604,395,1,800,2,-1,99999,-1,-1,-3,-1,1,13260
605,395,1,766,1,-1,99999,-1,-1,-3,-1,1,13260
606,395,1,749,7,-1,99999,-1,-1,-3,-1,1,13260
607,396,1,750,4,-1,99999,-1,-1,-3,-1,1,13320
608,397,1,807,8,-1,99999,-1,-1,-3,-1,1,13320
609,398,1,771,2,-1,99999,-1,-1,-3,-1,1,13320
610,398,1,819,8,-1,99999,-1,-1,-3,-1,1,13320
611,399,1,822,12,-1,99999,-1,-1,-3,-1,1,13320
612,399,1,760,12,-1,99999,-1,-1,-3,-1,1,13320
613,399,1,811,7,-1,99999,-1,-1,-3,-1,1,13320
614,399,1,771,5,-1,99999,-1,-1,-3,-1,1,13320
615,400,1,742,8,-1,99999,-1,-1,-3,-1,1,13380
616,400,1,769,7,-1,99999,-1,-1,-3,-1,1,13380
617,400,1,799,4,-1,99999,-1,-1,-3,-1,1,13380
618,401,1,754,6,-1,99999,-1,-1,-3,-1,1,13380
619,401,1,762,7,-1,99999,-1,-1,-3,-1,1,13380
620,401,1,773,6,-1,99999,-1,-1,-3,-1,1,13380
621,402,1,743,12,-1,99999,-1,-1,-3,-1,1,13440
622,402,1,775,6,-1,99999,-1,-1,-3,-1,1,13440
623,402,1,782,8,-1,99999,-1,-1,-3,-1,1,13440
624,402,1,794,2,-1,99999,-1,-1,-3,-1,1,13440
625,402,1,764,9,-1,99999,-1,-1,-3,-1,1,13440
626,402,1,771,5,-1,99999,-1,-1,-3,-1,1,13440
627,403,1,817,11,-1,99999,-1,-1,-3,-1,1,13500
628,403,1,785,10,-1,99999,-1,-1,-3,-1,1,13500
629,403,1,767,4,-1,99999,-1,-1,-3,-1,1,13500
630,404,1,754,8,-1,99999,-1,-1,-3,-1,1,13500
631,405,1,799,8,-1,99999,-1,-1,-3,-1,1,13560
632,405,1,768,12,-1,99999,-1,-1,-3,-1,1,13560
633,406,1,822,5,-1,99999,-1,-1,-3,-1,1,13680
634,407,1,782,8,-1,99999,-1,-1,-3,-1,1,13740
635,408,1,769,5,-1,99999,-1,-1,-3,-1,1,13740
636,409,1,822,11,-1,99999,-1,-1,-3,-1,1,13800
637,411,1,768,4,-1,99999,-1,-1,-3,-1,1,13920
638,411,1,805,6,-1,99999,-1,-1,-3,-1,1,13920
639,413,1,750,6,-1,99999,-1,-1,-3,-1,1,14100
640,413,1,798,8,-1,99999,-1,-1,-3,-1,1,14100
641,414,1,759,7,-1,99999,-1,-1,-3,-1,1,14100
642,415,1,762,1,-1,99999,-1,-1,-3,-1,1,14100
643,417,1,746,4,-1,99999,-1,-1,-3,-1,1,14160
644,418,1,734,8,-1,99999,-1,-1,-3,-1,1,14160
645,419,1,737,8,-1,99999,-1,-1,-3,-1,1,14220
646,419,1,801,3,-1,99999,-1,-1,-3,-1,1,14220
647,420,1,760,8,-1,99999,-1,-1,-3,-1,1,14220
648,420,1,764,6,-1,99999,-1,-1,-3,-1,1,14220
649,420,1,771,6,-1,99999,-1,-1,-3,-1,1,14220
650,420,1,769,6,-1,99999,-1,-1,-3,-1,1,14220
651,420,1,757,4,-1,99999,-1,-1,-3,-1,1,14220
652,421,1,818,8,-1,99999,-1,-1,-3,-1,1,14220
653,421,1,770,12,-1,99999,-1,-1,-3,-1,1,14220
654,423,1,785,4,-1,99999,-1,-1,-3,-1,1,14220
655,423,1,788,3,-1,99999,-1,-1,-3,-1,1,14220
656,425,1,760,10,-1,99999,-1,-1,-3,-1,1,14400
657,425,1,799,4,-1,99999,-1,-1,-3,-1,1,14400
658,426,1,782,6,-1,99999,-1,-1,-3,-1,1,14400
659,427,1,804,4,-1,99999,-1,-1,-3,-1,1,14400
660,428,1,760,4,-1,99999,-1,-1,-3,-1,1,14400
661,428,1,762,11,-1,99999,-1,-1,-3,-1,1,14400
662,429,1,770,8,-1,99999,-1,-1,-3,-1,1,14460
663,429,1,785,1,-1,99999,-1,-1,-3,-1,1,14460
664,431,1,766,10,-1,99999,-1,-1,-3,-1,1,14520
665,432,1,789,8,-1,99999,-1,-1,-3,-1,1,14580
666,433,1,816,8,-1,99999,-1,-1,-3,-1,1,14580
667,434,1,764,7,-1,99999,-1,-1,-3,-1,1,14640
668,435,1,747,10,-1,99999,-1,-1,-3,-1,1,14700
669,435,1,757,6,-1,99999,-1,-1,-3,-1,1,14700
670,435,1,771,6,-1,99999,-1,-1,-3,-1,1,14700
671,435,1,816,2,-1,99999,-1,-1,-3,-1,1,14700
672,435,1,761,9,-1,99999,-1,-1,-3,-1,1,14700
673,436,1,814,4,-1,99999,-1,-1,-3,-1,1,14700
674,437,1,798,8,-1,99999,-1,-1,-3,-1,1,14700
675,438,1,742,7,-1,99999,-1,-1,-3,-1,1,14700
676,440,1,742,8,-1,99999,-1,-1,-3,-1,1,14760
677,440,1,764,4,-1,99999,-1,-1,-3,-1,1,14760
678,441,1,762,2,-1,99999,-1,-1,-3,-1,1,14760
679,441,1,778,4,-1,99999,-1,-1,-3,-1,1,14760
680,442,1,781,5,-1,99999,-1,-1,-3,-1,1,14820
681,443,1,795,7,-1,99999,-1,-1,-3,-1,1,14880
682,444,1,819,6,-1,99999,-1,-1,-3,-1,1,15000
683,444,1,747,12,-1,99999,-1,-1,-3,-1,1,15000
684,446,1,746,3,-1,99999,-1,-1,-3,-1,1,15060
685,446,1,762,3,-1,99999,-1,-1,-3,-1,1,15060
686,447,1,767,12,-1,99999,-1,-1,-3,-1,1,15120
687,447,1,742,5,-1,99999,-1,-1,-3,-1,1,15120
688,448,1,810,11,-1,99999,-1,-1,-3,-1,1,15120
689,449,1,770,2,-1,99999,-1,-1,-3,-1,1,15120
690,450,1,769,6,-1,99999,-1,-1,-3,-1,1,15120
691,451,1,760,10,-1,99999,-1,-1,-3,-1,1,15180
692,452,1,811,5,-1,99999,-1,-1,-3,-1,1,15180
693,453,1,765,5,-1,99999,-1,-1,-3,-1,1,15300
694,454,1,808,6,-1,99999,-1,-1,-3,-1,1,15300
695,454,1,799,8,-1,99999,-1,-1,-3,-1,1,15300
696,454,1,773,5,-1,99999,-1,-1,-3,-1,1,15300
697,455,1,793,5,-1,99999,-1,-1,-3,-1,1,15300
698,455,1,751,12,-1,99999,-1,-1,-3,-1,1,15300
699,455,1,770,6,-1,99999,-1,-1,-3,-1,1,15300
700,455,1,816,8,-1,99999,-1,-1,-3,-1,1,15300
701,455,1,743,8,-1,99999,-1,-1,-3,-1,1,15300
702,455,1,740,8,-1,99999,-1,-1,-3,-1,1,15300
703,455,1,771,3,-1,99999,-1,-1,-3,-1,1,15300
704,455,1,806,10,-1,99999,-1,-1,-3,-1,1,15300
705,455,1,746,9,-1,99999,-1,-1,-3,-1,1,15300
706,456,1,791,8,-1,99999,-1,-1,-3,-1,1,15300
707,456,1,762,4,-1,99999,-1,-1,-3,-1,1,15300
708,456,1,767,5,-1,99999,-1,-1,-3,-1,1,15300
709,456,1,799,7,-1,99999,-1,-1,-3,-1,1,15300
710,457,1,742,7,-1,99999,-1,-1,-3,-1,1,15360
711,457,1,739,12,-1,99999,-1,-1,-3,-1,1,15360
712,457,1,759,8,-1,99999,-1,-1,-3,-1,1,15360
713,459,1,775,6,-1,99999,-1,-1,-3,-1,1,15480
714,459,1,822,11,-1,99999,-1,-1,-3,-1,1,15480
715,459,1,746,2,-1,99999,-1,-1,-3,-1,1,15480
716,459,1,817,6,-1,99999,-1,-1,-3,-1,1,15480
717,459,1,816,6,-1,99999,-1,-1,-3,-1,1,15480
718,459,1,744,4,-1,99999,-1,-1,-3,-1,1,15480
719,460,1,822,8,-1,99999,-1,-1,-3,-1,1,15480
720,462,1,762,4,-1,99999,-1,-1,-3,-1,1,15540
721,463,1,744,6,-1,99999,-1,-1,-3,-1,1,15600
722,464,1,747,6,-1,99999,-1,-1,-3,-1,1,15660
723,464,1,806,4,-1,99999,-1,-1,-3,-1,1,15660
724,464,1,751,9,-1,99999,-1,-1,-3,-1,1,15660
725,465,1,813,4,-1,99999,-1,-1,-3,-1,1,15720
726,468,1,777,6,-1,99999,-1,-1,-3,-1,1,15840
727,468,1,811,10,-1,99999,-1,-1,-3,-1,1,15840
728,468,1,744,6,-1,99999,-1,-1,-3,-1,1,15840
729,468,1,788,6,-1,99999,-1,-1,-3,-1,1,15840
730,468,1,785,5,-1,99999,-1,-1,-3,-1,1,15840
731,468,1,742,8,-1,99999,-1,-1,-3,-1,1,15840
732,468,1,797,12,-1,99999,-1,-1,-3,-1,1,15840
733,470,1,785,3,-1,99999,-1,-1,-3,-1,1,15960
734,471,1,760,12,-1,99999,-1,-1,-3,-1,1,16140
735,472,1,800,9,-1,99999,-1,-1,-3,-1,1,16200
736,473,1,762,12,-1,99999,-1,-1,-3,-1,1,16200
737,475,1,790,3,-1,99999,-1,-1,-3,-1,1,16260
738,475,1,762,6,-1,99999,-1,-1,-3,-1,1,16260
739,476,1,777,10,-1,99999,-1,-1,-3,-1,1,16260
740,477,1,760,9,-1,99999,-1,-1,-3,-1,1,16320
741,478,1,822,4,-1,99999,-1,-1,-3,-1,1,16320
742,478,1,741,4,-1,99999,-1,-1,-3,-1,1,16320
743,479,1,789,8,-1,99999,-1,-1,-3,-1,1,16380
744,480,1,778,6,-1,99999,-1,-1,-3,-1,1,16440
745,481,1,811,5,-1,99999,-1,-1,-3,-1,1,16500
746,481,1,767,10,-1,99999,-1,-1,-3,-1,1,16500
747,482,1,760,5,-1,99999,-1,-1,-3,-1,1,16500
748,482,1,765,4,-1,99999,-1,-1,-3,-1,1,16500
749,482,1,820,6,-1,99999,-1,-1,-3,-1,1,16500
750,483,1,816,6,-1,99999,-1,-1,-3,-1,1,16620
751,484,1,823,6,-1,99999,-1,-1,-3,-1,1,16620
752,485,1,771,5,-1,99999,-1,-1,-3,-1,1,16620
753,485,1,778,6,-1,99999,-1,-1,-3,-1,1,16620
754,486,1,798,10,-1,99999,-1,-1,-3,-1,1,16620
755,488,1,788,8,-1,99999,-1,-1,-3,-1,1,16680
756,489,1,785,3,-1,99999,-1,-1,-3,-1,1,16740
757,489,1,758,4,-1,99999,-1,-1,-3,-1,1,16740
758,490,1,817,4,-1,99999,-1,-1,-3,-1,1,16800
759,490,1,799,12,-1,99999,-1,-1,-3,-1,1,16800
760,491,1,770,8,-1,99999,-1,-1,-3,-1,1,16860
761,491,1,810,9,-1,99999,-1,-1,-3,-1,1,16860
762,494,1,749,7,-1,99999,-1,-1,-3,-1,1,16860
763,494,1,806,9,-1,99999,-1,-1,-3,-1,1,16860
764,495,1,737,6,-1,99999,-1,-1,-3,-1,1,16920
765,495,1,822,2,-1,99999,-1,-1,-3,-1,1,16920
766,495,1,757,7,-1,99999,-1,-1,-3,-1,1,16920
767,495,1,770,12,-1,99999,-1,-1,-3,-1,1,16920
768,495,1,762,8,-1,99999,-1,-1,-3,-1,1,16920
769,495,1,777,7,-1,99999,-1,-1,-3,-1,1,16920
770,495,1,771,8,-1,99999,-1,-1,-3,-1,1,16920
771,496,1,798,9,-1,99999,-1,-1,-3,-1,1,16980
772,498,1,785,1,-1,99999,-1,-1,-3,-1,1,16980
773,498,1,750,9,-1,99999,-1,-1,-3,-1,1,16980
774,500,1,769,7,-1,99999,-1,-1,-3,-1,1,17040
775,500,1,742,9,-1,99999,-1,-1,-3,-1,1,17040
776,500,1,799,8,-1,99999,-1,-1,-3,-1,1,17040
777,500,1,744,8,-1,99999,-1,-1,-3,-1,1,17040
778,500,1,754,8,-1,99999,-1,-1,-3,-1,1,17040
779,501,1,759,9,-1,99999,-1,-1,-3,-1,1,17040
780,503,1,767,10,-1,99999,-1,-1,-3,-1,1,17040
781,503,1,743,12,-1,99999,-1,-1,-3,-1,1,17040
782,503,1,807,8,-1,99999,-1,-1,-3,-1,1,17040
783,503,1,755,6,-1,99999,-1,-1,-3,-1,1,17040
784,503,1,794,10,-1,99999,-1,-1,-3,-1,1,17040
785,503,1,777,6,-1,99999,-1,-1,-3,-1,1,17040
786,503,1,760,8,-1,99999,-1,-1,-3,-1,1,17040
787,503,1,747,6,-1,99999,-1,-1,-3,-1,1,17040
788,503,1,788,12,-1,99999,-1,-1,-3,-1,1,17040
789,504,1,776,6,-1,99999,-1,-1,-3,-1,1,17100
790,505,1,778,10,-1,99999,-1,-1,-3,-1,1,17160
791,505,1,823,11,-1,99999,-1,-1,-3,-1,1,17160
792,505,1,742,2,-1,99999,-1,-1,-3,-1,1,17160
793,507,1,765,7,-1,99999,-1,-1,-3,-1,1,17220
794,508,1,747,9,-1,99999,-1,-1,-3,-1,1,17220
795,508,1,764,3,-1,99999,-1,-1,-3,-1,1,17220
796,508,1,760,9,-1,99999,-1,-1,-3,-1,1,17220
797,508,1,783,2,-1,99999,-1,-1,-3,-1,1,17220
798,509,1,808,10,-1,99999,-1,-1,-3,-1,1,17220
799,509,1,822,11,-1,99999,-1,-1,-3,-1,1,17220
800,510,1,816,10,-1,99999,-1,-1,-3,-1,1,17220
801,511,1,778,9,-1,99999,-1,-1,-3,-1,1,17220
802,511,1,752,12,-1,99999,-1,-1,-3,-1,1,17220
803,513,1,760,7,-1,99999,-1,-1,-3,-1,1,17280
804,514,1,788,8,-1,99999,-1,-1,-3,-1,1,17280
805,514,1,784,3,-1,99999,-1,-1,-3,-1,1,17280
806,514,1,799,4,-1,99999,-1,-1,-3,-1,1,17280
807,515,1,799,4,-1,99999,-1,-1,-3,-1,1,17280
808,515,1,762,7,-1,99999,-1,-1,-3,-1,1,17280
809,516,1,740,2,-1,99999,-1,-1,-3,-1,1,17340
810,516,1,814,10,-1,99999,-1,-1,-3,-1,1,17340
811,516,1,777,2,-1,99999,-1,-1,-3,-1,1,17340
812,516,1,762,6,-1,99999,-1,-1,-3,-1,1,17340
813,516,1,772,4,-1,99999,-1,-1,-3,-1,1,17340
814,517,1,772,8,-1,99999,-1,-1,-3,-1,1,17340
815,517,1,752,5,-1,99999,-1,-1,-3,-1,1,17340
816,518,1,739,10,-1,99999,-1,-1,-3,-1,1,17340
817,518,1,744,4,-1,99999,-1,-1,-3,-1,1,17340
818,520,1,785,8,-1,99999,-1,-1,-3,-1,1,17400
819,522,1,771,11,-1,99999,-1,-1,-3,-1,1,17520
820,522,1,785,7,-1,99999,-1,-1,-3,-1,1,17520
821,523,1,813,3,-1,99999,-1,-1,-3,-1,1,17700
822,524,1,799,9,-1,99999,-1,-1,-3,-1,1,17880
823,524,1,794,8,-1,99999,-1,-1,-3,-1,1,17880
824,524,1,775,2,-1,99999,-1,-1,-3,-1,1,17880
825,524,1,769,5,-1,99999,-1,-1,-3,-1,1,17880
826,524,1,784,8,-1,99999,-1,-1,-3,-1,1,17880
827,524,1,757,9,-1,99999,-1,-1,-3,-1,1,17880
828,525,1,743,7,-1,99999,-1,-1,-3,-1,1,17880
829,526,1,782,10,-1,99999,-1,-1,-3,-1,1,18000
830,528,1,770,4,-1,99999,-1,-1,-3,-1,1,18060
831,528,1,785,1,-1,99999,-1,-1,-3,-1,1,18060
832,529,1,767,4,-1,99999,-1,-1,-3,-1,1,18120
833,530,1,799,11,-1,99999,-1,-1,-3,-1,1,18120
834,530,1,740,5,-1,99999,-1,-1,-3,-1,1,18120
835,530,1,782,8,-1,99999,-1,-1,-3,-1,1,18120
836,530,1,761,8,-1,99999,-1,-1,-3,-1,1,18120
837,530,1,821,12,-1,99999,-1,-1,-3,-1,1,18120
838,530,1,762,9,-1,99999,-1,-1,-3,-1,1,18120
839,531,1,754,10,-1,99999,-1,-1,-3,-1,1,18120
840,531,1,806,8,-1,99999,-1,-1,-3,-1,1,18120
841,532,1,804,8,-1,99999,-1,-1,-3,-1,1,18180
842,532,1,819,8,-1,99999,-1,-1,-3,-1,1,18180
843,535,1,747,4,-1,99999,-1,-1,-3,-1,1,18360
844,535,1,786,5,-1,99999,-1,-1,-3,-1,1,18360
845,536,1,810,4,-1,99999,-1,-1,-3,-1,1,18360
846,536,1,742,6,-1,99999,-1,-1,-3,-1,1,18360
847,537,1,802,4,-1,99999,-1,-1,-3,-1,1,18420
848,538,1,762,4,-1,99999,-1,-1,-3,-1,1,18480
849,538,1,799,6,-1,99999,-1,-1,-3,-1,1,18480
850,538,1,742,5,-1,99999,-1,-1,-3,-1,1,18480
851,538,1,789,4,-1,99999,-1,-1,-3,-1,1,18480
852,538,1,771,6,-1,99999,-1,-1,-3,-1,1,18480
853,538,1,753,6,-1,99999,-1,-1,-3,-1,1,18480
854,538,1,769,10,-1,99999,-1,-1,-3,-1,1,18480
855,539,1,799,2,-1,99999,-1,-1,-3,-1,1,18480
856,541,1,790,4,-1,99999,-1,-1,-3,-1,1,18540
857,544,1,743,8,-1,99999,-1,-1,-3,-1,1,18660
858,544,1,813,8,-1,99999,-1,-1,-3,-1,1,18660
859,544,1,814,10,-1,99999,-1,-1,-3,-1,1,18660
860,544,1,755,8,-1,99999,-1,-1,-3,-1,1,18660
861,544,1,762,6,-1,99999,-1,-1,-3,-1,1,18660
862,545,1,762,2,-1,99999,-1,-1,-3,-1,1,18660
863,545,1,743,6,-1,99999,-1,-1,-3,-1,1,18660
864,546,1,806,5,-1,99999,-1,-1,-3,-1,1,18720
865,546,1,749,7,-1,99999,-1,-1,-3,-1,1,18720
866,546,1,807,9,-1,99999,-1,-1,-3,-1,1,18720
867,547,1,762,6,-1,99999,-1,-1,-3,-1,1,18780
868,550,1,759,9,-1,99999,-1,-1,-3,-1,1,18840
869,550,1,743,5,-1,99999,-1,-1,-3,-1,1,18840
870,551,1,811,6,-1,99999,-1,-1,-3,-1,1,18900
871,552,1,810,2,-1,99999,-1,-1,-3,-1,1,18900
872,553,1,823,9,-1,99999,-1,-1,-3,-1,1,18900
873,554,1,742,6,-1,99999,-1,-1,-3,-1,1,18900
874,554,1,762,7,-1,99999,-1,-1,-3,-1,1,18900
875,554,1,765,8,-1,99999,-1,-1,-3,-1,1,18900
876,555,1,794,9,-1,99999,-1,-1,-3,-1,1,18960
877,555,1,814,12,-1,99999,-1,-1,-3,-1,1,18960
878,557,1,785,4,-1,99999,-1,-1,-3,-1,1,19020
879,558,1,756,4,-1,99999,-1,-1,-3,-1,1,19020
880,558,1,747,5,-1,99999,-1,-1,-3,-1,1,19020
881,559,1,743,2,-1,99999,-1,-1,-3,-1,1,19080
882,559,1,807,8,-1,99999,-1,-1,-3,-1,1,19080
883,559,1,751,7,-1,99999,-1,-1,-3,-1,1,19080
884,560,1,791,4,-1,99999,-1,-1,-3,-1,1,19080
885,561,1,782,10,-1,99999,-1,-1,-3,-1,1,19200
886,565,1,792,8,-1,99999,-1,-1,-3,-1,1,19260
887,566,1,823,8,-1,99999,-1,-1,-3,-1,1,19320
888,566,1,813,6,-1,99999,-1,-1,-3,-1,1,19320
889,566,1,762,5,-1,99999,-1,-1,-3,-1,1,19320
890,566,1,796,8,-1,99999,-1,-1,-3,-1,1,19320
891,566,1,803,6,-1,99999,-1,-1,-3,-1,1,19320
892,567,1,767,2,-1,99999,-1,-1,-3,-1,1,19320
893,567,1,769,4,-1,99999,-1,-1,-3,-1,1,19320
894,567,1,757,6,-1,99999,-1,-1,-3,-1,1,19320
895,568,1,819,6,-1,99999,-1,-1,-3,-1,1,19440
896,570,1,744,8,-1,99999,-1,-1,-3,-1,1,19560
897,570,1,760,7,-1,99999,-1,-1,-3,-1,1,19560
898,570,1,822,4,-1,99999,-1,-1,-3,-1,1,19560
899,570,1,808,7,-1,99999,-1,-1,-3,-1,1,19560
900,570,1,762,6,-1,99999,-1,-1,-3,-1,1,19560
901,570,1,801,10,-1,99999,-1,-1,-3,-1,1,19560
902,570,1,764,10,-1,99999,-1,-1,-3,-1,1,19560
903,570,1,795,3,-1,99999,-1,-1,-3,-1,1,19560
904,570,1,761,9,-1,99999,-1,-1,-3,-1,1,19560
905,570,1,791,4,-1,99999,-1,-1,-3,-1,1,19560
906,570,1,763,5,-1,99999,-1,-1,-3,-1,1,19560
907,570,1,775,7,-1,99999,-1,-1,-3,-1,1,19560
908,572,1,748,8,-1,99999,-1,-1,-3,-1,1,19680
909,572,1,737,6,-1,99999,-1,-1,-3,-1,1,19680
910,573,1,753,5,-1,99999,-1,-1,-3,-1,1,19740
911,574,1,775,6,-1,99999,-1,-1,-3,-1,1,19740
912,575,1,777,9,-1,99999,-1,-1,-3,-1,1,19740
913,576,1,771,6,-1,99999,-1,-1,-3,-1,1,19740
914,578,1,758,4,-1,99999,-1,-1,-3,-1,1,19800
915,578,1,749,3,-1,99999,-1,-1,-3,-1,1,19800
916,578,1,804,10,-1,99999,-1,-1,-3,-1,1,19800
917,578,1,747,4,-1,99999,-1,-1,-3,-1,1,19800
918,578,1,822,10,-1,99999,-1,-1,-3,-1,1,19800
919,578,1,745,1,-1,99999,-1,-1,-3,-1,1,19800
920,578,1,806,2,-1,99999,-1,-1,-3,-1,1,19800
921,578,1,794,2,-1,99999,-1,-1,-3,-1,1,19800
922,578,1,777,5,-1,99999,-1,-1,-3,-1,1,19800
923,578,1,739,8,-1,99999,-1,-1,-3,-1,1,19800
924,578,1,785,4,-1,99999,-1,-1,-3,-1,1,19800
925,579,1,771,4,-1,99999,-1,-1,-3,-1,1,19920
926,579,1,740,8,-1,99999,-1,-1,-3,-1,1,19920
927,579,1,791,1,-1,99999,-1,-1,-3,-1,1,19920
928,579,1,784,7,-1,99999,-1,-1,-3,-1,1,19920
929,580,1,773,7,-1,99999,-1,-1,-3,-1,1,19980
930,585,1,771,12,-1,99999,-1,-1,-3,-1,1,20040
931,585,1,754,8,-1,99999,-1,-1,-3,-1,1,20040
932,586,1,805,4,-1,99999,-1,-1,-3,-1,1,20040
933,587,1,765,2,-1,99999,-1,-1,-3,-1,1,20100
934,588,1,790,8,-1,99999,-1,-1,-3,-1,1,20100
935,589,1,785,5,-1,99999,-1,-1,-3,-1,1,20100
936,589,1,823,5,-1,99999,-1,-1,-3,-1,1,20100
937,592,1,767,10,-1,99999,-1,-1,-3,-1,1,20160
938,593,1,757,10,-1,99999,-1,-1,-3,-1,1,20220
939,593,1,743,8,-1,99999,-1,-1,-3,-1,1,20220
940,593,1,794,10,-1,99999,-1,-1,-3,-1,1,20220
941,594,1,746,4,-1,99999,-1,-1,-3,-1,1,20220
942,595,1,794,8,-1,99999,-1,-1,-3,-1,1,20220
943,596,1,771,7,-1,99999,-1,-1,-3,-1,1,20280
944,596,1,749,10,-1,99999,-1,-1,-3,-1,1,20280
945,596,1,760,8,-1,99999,-1,-1,-3,-1,1,20280
946,596,1,823,6,-1,99999,-1,-1,-3,-1,1,20280
947,596,1,822,5,-1,99999,-1,-1,-3,-1,1,20280
948,596,1,759,6,-1,99999,-1,-1,-3,-1,1,20280
949,596,1,772,12,-1,99999,-1,-1,-3,-1,1,20280
950,596,1,799,1,-1,99999,-1,-1,-3,-1,1,20280
951,601,1,762,11,-1,99999,-1,-1,-3,-1,1,20400
952,602,1,765,9,-1,99999,-1,-1,-3,-1,1,20460
953,602,1,777,4,-1,99999,-1,-1,-3,-1,1,20460
954,602,1,758,4,-1,99999,-1,-1,-3,-1,1,20460
955,602,1,754,3,-1,99999,-1,-1,-3,-1,1,20460
956,605,1,757,6,-1,99999,-1,-1,-3,-1,1,20520
957,605,1,765,5,-1,99999,-1,-1,-3,-1,1,20520
958,606,1,745,4,-1,99999,-1,-1,-3,-1,1,20520
959,606,1,808,6,-1,99999,-1,-1,-3,-1,1,20520
960,606,1,785,7,-1,99999,-1,-1,-3,-1,1,20520
961,606,1,762,4,-1,99999,-1,-1,-3,-1,1,20520
962,607,1,799,12,-1,99999,-1,-1,-3,-1,1,20580
963,608,1,814,7,-1,99999,-1,-1,-3,-1,1,20640
964,609,1,749,6,-1,99999,-1,-1,-3,-1,1,20640
965,610,1,775,4,-1,99999,-1,-1,-3,-1,1,20700
966,610,1,737,8,-1,99999,-1,-1,-3,-1,1,20700
967,611,1,798,11,-1,99999,-1,-1,-3,-1,1,20700
968,611,1,803,10,-1,99999,-1,-1,-3,-1,1,20700
969,611,1,760,7,-1,99999,-1,-1,-3,-1,1,20700
970,613,1,749,8,-1,99999,-1,-1,-3,-1,1,20700
971,614,1,792,1,-1,99999,-1,-1,-3,-1,1,20760
972,616,1,772,4,-1,99999,-1,-1,-3,-1,1,20880
973,616,1,755,4,-1,99999,-1,-1,-3,-1,1,20880
974,616,1,762,8,-1,99999,-1,-1,-3,-1,1,20880
975,616,1,820,8,-1,99999,-1,-1,-3,-1,1,20880
976,616,1,778,7,-1,99999,-1,-1,-3,-1,1,20880
977,616,1,737,6,-1,99999,-1,-1,-3,-1,1,20880
978,616,1,814,4,-1,99999,-1,-1,-3,-1,1,20880
979,619,1,754,8,-1,99999,-1,-1,-3,-1,1,21000
980,619,1,769,3,-1,99999,-1,-1,-3,-1,1,21000
981,620,1,793,9,-1,99999,-1,-1,-3,-1,1,21000
982,621,1,777,6,-1,99999,-1,-1,-3,-1,1,21000
983,621,1,749,2,-1,99999,-1,-1,-3,-1,1,21000
984,621,1,743,4,-1,99999,-1,-1,-3,-1,1,21000
985,621,1,785,4,-1,99999,-1,-1,-3,-1,1,21000
986,622,1,739,6,-1,99999,-1,-1,-3,-1,1,21060
987,622,1,760,4,-1,99999,-1,-1,-3,-1,1,21060
988,622,1,814,6,-1,99999,-1,-1,-3,-1,1,21060
989,623,1,764,4,-1,99999,-1,-1,-3,-1,1,21060
990,624,1,796,10,-1,99999,-1,-1,-3,-1,1,21060
991,624,1,753,4,-1,99999,-1,-1,-3,-1,1,21060
992,625,1,769,9,-1,99999,-1,-1,-3,-1,1,21180
993,625,1,777,5,-1,99999,-1,-1,-3,-1,1,21180
994,625,1,772,3,-1,99999,-1,-1,-3,-1,1,21180
995,626,1,785,6,-1,99999,-1,-1,-3,-1,1,21240
996,627,1,803,12,-1,99999,-1,-1,-3,-1,1,21300
997,627,1,762,4,-1,99999,-1,-1,-3,-1,1,21300
998,627,1,782,9,-1,99999,-1,-1,-3,-1,1,21300
999,627,1,818,6,-1,99999,-1,-1,-3,-1,1,21300
1000,627,1,817,3,-1,99999,-1,-1,-3,-1,1,21300
1001,627,1,752,11,-1,99999,-1,-1,-3,-1,1,21300
1002,628,1,755,4,-1,99999,-1,-1,-3,-1,1,21360
1003,630,1,750,8,-1,99999,-1,-1,-3,-1,1,21360
1004,633,1,770,8,-1,99999,-1,-1,-3,-1,1,21480
1005,634,1,765,9,-1,99999,-1,-1,-3,-1,1,21480
1006,634,1,755,6,-1,99999,-1,-1,-3,-1,1,21480
1007,635,1,740,9,-1,99999,-1,-1,-3,-1,1,21540
1008,636,1,817,7,-1,99999,-1,-1,-3,-1,1,21600
1009,637,1,765,7,-1,99999,-1,-1,-3,-1,1,21600
1010,637,1,770,6,-1,99999,-1,-1,-3,-1,1,21600
1011,637,1,740,2,-1,99999,-1,-1,-3,-1,1,21600
1012,637,1,746,11,-1,99999,-1,-1,-3,-1,1,21600
1013,637,1,761,12,-1,99999,-1,-1,-3,-1,1,21600
1014,637,1,771,2,-1,99999,-1,-1,-3,-1,1,21600
1015,638,1,795,9,-1,99999,-1,-1,-3,-1,1,21600
1016,639,1,822,8,-1,99999,-1,-1,-3,-1,1,21600
1017,641,1,740,3,-1,99999,-1,-1,-3,-1,1,21600
1018,641,1,762,4,-1,99999,-1,-1,-3,-1,1,21600
1019,641,1,772,5,-1,99999,-1,-1,-3,-1,1,21600
1020,642,1,770,9,-1,99999,-1,-1,-3,-1,1,21660
1021,642,1,754,8,-1,99999,-1,-1,-3,-1,1,21660
1022,642,1,760,8,-1,99999,-1,-1,-3,-1,1,21660
1023,643,1,775,3,-1,99999,-1,-1,-3,-1,1,21660
1024,643,1,811,9,-1,99999,-1,-1,-3,-1,1,21660
1025,643,1,766,6,-1,99999,-1,-1,-3,-1,1,21660
1026,644,1,749,1,-1,99999,-1,-1,-3,-1,1,21840
1027,644,1,808,10,-1,99999,-1,-1,-3,-1,1,21840
1028,644,1,785,8,-1,99999,-1,-1,-3,-1,1,21840
1029,645,1,760,11,-1,99999,-1,-1,-3,-1,1,21840
1030,645,1,785,2,-1,99999,-1,-1,-3,-1,1,21840
1031,645,1,769,8,-1,99999,-1,-1,-3,-1,1,21840
1032,645,1,790,4,-1,99999,-1,-1,-3,-1,1,21840
1033,646,1,772,10,-1,99999,-1,-1,-3,-1,1,21900
1034,647,1,799,5,-1,99999,-1,-1,-3,-1,1,21900
1035,648,1,742,4,-1,99999,-1,-1,-3,-1,1,22020
1036,649,1,782,2,-1,99999,-1,-1,-3,-1,1,22020
1037,649,1,778,8,-1,99999,-1,-1,-3,-1,1,22020
1038,650,1,772,9,-1,99999,-1,-1,-3,-1,1,22080
1039,650,1,784,6,-1,99999,-1,-1,-3,-1,1,22080
1040,650,1,760,6,-1,99999,-1,-1,-3,-1,1,22080
1041,650,1,799,3,-1,99999,-1,-1,-3,-1,1,22080
1042,650,1,780,4,-1,99999,-1,-1,-3,-1,1,22080
1043,650,1,813,6,-1,99999,-1,-1,-3,-1,1,22080
1044,651,1,738,11,-1,99999,-1,-1,-3,-1,1,22080
1045,652,1,773,6,-1,99999,-1,-1,-3,-1,1,22080
1046,653,1,738,12,-1,99999,-1,-1,-3,-1,1,22080
1047,653,1,770,6,-1,99999,-1,-1,-3,-1,1,22080
1048,653,1,744,10,-1,99999,-1,-1,-3,-1,1,22080
1049,655,1,815,7,-1,99999,-1,-1,-3,-1,1,22140
1050,655,1,764,9,-1,99999,-1,-1,-3,-1,1,22140
1051,655,1,734,5,-1,99999,-1,-1,-3,-1,1,22140
1052,655,1,736,5,-1,99999,-1,-1,-3,-1,1,22140
1053,655,1,763,9,-1,99999,-1,-1,-3,-1,1,22140
1054,655,1,769,4,-1,99999,-1,-1,-3,-1,1,22140
1055,655,1,770,11,-1,99999,-1,-1,-3,-1,1,22140
1056,656,1,760,11,-1,99999,-1,-1,-3,-1,1,22140
1057,656,1,742,9,-1,99999,-1,-1,-3,-1,1,22140
1058,657,1,770,9,-1,99999,-1,-1,-3,-1,1,22140
1059,658,1,790,7,-1,99999,-1,-1,-3,-1,1,22200
1060,658,1,785,7,-1,99999,-1,-1,-3,-1,1,22200
1061,658,1,753,4,-1,99999,-1,-1,-3,-1,1,22200
1062,659,1,797,9,-1,99999,-1,-1,-3,-1,1,22260
1063,660,1,767,2,-1,99999,-1,-1,-3,-1,1,22260
1064,660,1,737,3,-1,99999,-1,-1,-3,-1,1,22260
1065,660,1,752,2,-1,99999,-1,-1,-3,-1,1,22260
1066,660,1,777,8,-1,99999,-1,-1,-3,-1,1,22260
1067,661,1,782,4,-1,99999,-1,-1,-3,-1,1,22320
1068,662,1,767,12,-1,99999,-1,-1,-3,-1,1,22380
1069,665,1,797,9,-1,99999,-1,-1,-3,-1,1,22500
1070,665,1,743,4,-1,99999,-1,-1,-3,-1,1,22500
1071,665,1,771,10,-1,99999,-1,-1,-3,-1,1,22500
1072,666,1,810,10,-1,99999,-1,-1,-3,-1,1,22500
1073,667,1,762,8,-1,99999,-1,-1,-3,-1,1,22500
1074,668,1,822,2,-1,99999,-1,-1,-3,-1,1,22500
1075,668,1,795,2,-1,99999,-1,-1,-3,-1,1,22500
1076,668,1,745,9,-1,99999,-1,-1,-3,-1,1,22500
1077,669,1,799,8,-1,99999,-1,-1,-3,-1,1,22560
1078,672,1,816,8,-1,99999,-1,-1,-3,-1,1,22680
1079,673,1,785,10,-1,99999,-1,-1,-3,-1,1,22740
1080,673,1,760,4,-1,99999,-1,-1,-3,-1,1,22740
1081,673,1,769,6,-1,99999,-1,-1,-3,-1,1,22740
1082,673,1,818,7,-1,99999,-1,-1,-3,-1,1,22740
1083,674,1,749,8,-1,99999,-1,-1,-3,-1,1,22740
1084,677,1,754,6,-1,99999,-1,-1,-3,-1,1,22920
1085,677,1,813,2,-1,99999,-1,-1,-3,-1,1,22920
1086,677,1,816,8,-1,99999,-1,-1,-3,-1,1,22920
1087,677,1,770,6,-1,99999,-1,-1,-3,-1,1,22920
1088,678,1,747,7,-1,99999,-1,-1,-3,-1,1,22920
1089,679,1,752,3,-1,99999,-1,-1,-3,-1,1,22920
1090,681,1,785,4,-1,99999,-1,-1,-3,-1,1,22980
1091,681,1,775,5,-1,99999,-1,-1,-3,-1,1,22980
1092,681,1,812,8,-1,99999,-1,-1,-3,-1,1,22980
1093,681,1,767,7,-1,99999,-1,-1,-3,-1,1,22980
1094,681,1,757,5,-1,99999,-1,-1,-3,-1,1,22980
1095,681,1,753,2,-1,99999,-1,-1,-3,-1,1,22980
1096,682,1,792,11,-1,99999,-1,-1,-3,-1,1,23040
1097,683,1,740,4,-1,99999,-1,-1,-3,-1,1,23040
1098,683,1,822,6,-1,99999,-1,-1,-3,-1,1,23040
1099,683,1,767,4,-1,99999,-1,-1,-3,-1,1,23040
1100,683,1,772,6,-1,99999,-1,-1,-3,-1,1,23040
1101,684,1,754,10,-1,99999,-1,-1,-3,-1,1,23100
1102,685,1,739,4,-1,99999,-1,-1,-3,-1,1,23100
1103,685,1,808,4,-1,99999,-1,-1,-3,-1,1,23100
1104,685,1,787,5,-1,99999,-1,-1,-3,-1,1,23100
1105,685,1,762,6,-1,99999,-1,-1,-3,-1,1,23100
1106,686,1,801,9,-1,99999,-1,-1,-3,-1,1,23160
1107,687,1,771,2,-1,99999,-1,-1,-3,-1,1,23160
1108,689,1,749,9,-1,99999,-1,-1,-3,-1,1,23160
1109,690,1,760,5,-1,99999,-1,-1,-3,-1,1,23160
1110,690,1,767,8,-1,99999,-1,-1,-3,-1,1,23160
1111,690,1,740,6,-1,99999,-1,-1,-3,-1,1,23160
1112,692,1,740,7,-1,99999,-1,-1,-3,-1,1,23220
1113,692,1,763,8,-1,99999,-1,-1,-3,-1,1,23220
1114,692,1,775,6,-1,99999,-1,-1,-3,-1,1,23220
1115,693,1,773,3,-1,99999,-1,-1,-3,-1,1,23220
1116,693,1,749,12,-1,99999,-1,-1,-3,-1,1,23220
1117,694,1,735,7,-1,99999,-1,-1,-3,-1,1,23280
1118,694,1,762,5,-1,99999,-1,-1,-3,-1,1,23280
1119,694,1,742,12,-1,99999,-1,-1,-3,-1,1,23280
1120,696,1,800,9,-1,99999,-1,-1,-3,-1,1,23340
1121,696,1,823,4,-1,99999,-1,-1,-3,-1,1,23340
1122,696,1,737,6,-1,99999,-1,-1,-3,-1,1,23340
1123,696,1,758,9,-1,99999,-1,-1,-3,-1,1,23340
1124,696,1,785,11,-1,99999,-1,-1,-3,-1,1,23340
1125,698,1,794,10,-1,99999,-1,-1,-3,-1,1,23400
1126,699,1,772,8,-1,99999,-1,-1,-3,-1,1,23400
1127,699,1,793,6,-1,99999,-1,-1,-3,-1,1,23400
1128,700,1,754,2,-1,99999,-1,-1,-3,-1,1,23400
1129,701,1,783,10,-1,99999,-1,-1,-3,-1,1,23460
1130,701,1,743,1,-1,99999,-1,-1,-3,-1,1,23460
1131,702,1,806,8,-1,99999,-1,-1,-3,-1,1,23520
1132,704,1,799,8,-1,99999,-1,-1,-3,-1,1,23580
1133,704,1,751,3,-1,99999,-1,-1,-3,-1,1,23580
1134,704,1,793,6,-1,99999,-1,-1,-3,-1,1,23580
1135,705,1,780,6,-1,99999,-1,-1,-3,-1,1,23640
1136,705,1,752,6,-1,99999,-1,-1,-3,-1,1,23640
1137,706,1,818,11,-1,99999,-1,-1,-3,-1,1,23640
1138,706,1,754,8,-1,99999,-1,-1,-3,-1,1,23640
1139,707,1,808,2,-1,99999,-1,-1,-3,-1,1,23640
1140,708,1,756,8,-1,99999,-1,-1,-3,-1,1,23700
1141,709,1,785,7,-1,99999,-1,-1,-3,-1,1,23700
1142,709,1,762,6,-1,99999,-1,-1,-3,-1,1,23700
1143,711,1,821,10,-1,99999,-1,-1,-3,-1,1,23820
1144,712,1,744,8,-1,99999,-1,-1,-3,-1,1,23940
1145,712,1,800,7,-1,99999,-1,-1,-3,-1,1,23940
1146,712,1,762,6,-1,99999,-1,-1,-3,-1,1,23940
1147,712,1,782,7,-1,99999,-1,-1,-3,-1,1,23940
1148,714,1,791,9,-1,99999,-1,-1,-3,-1,1,23940
1149,714,1,771,6,-1,99999,-1,-1,-3,-1,1,23940
1150,714,1,769,11,-1,99999,-1,-1,-3,-1,1,23940
1151,714,1,786,6,-1,99999,-1,-1,-3,-1,1,23940
1152,716,1,818,6,-1,99999,-1,-1,-3,-1,1,24000
1153,716,1,775,1,-1,99999,-1,-1,-3,-1,1,24000
1154,717,1,780,5,-1,99999,-1,-1,-3,-1,1,24000
1155,717,1,754,6,-1,99999,-1,-1,-3,-1,1,24000
1156,717,1,786,3,-1,99999,-1,-1,-3,-1,1,24000
1157,718,1,800,6,-1,99999,-1,-1,-3,-1,1,24000
1158,719,1,785,7,-1,99999,-1,-1,-3,-1,1,24060
1159,720,1,752,2,-1,99999,-1,-1,-3,-1,1,24060
1160,721,1,787,9,-1,99999,-1,-1,-3,-1,1,24120
1161,722,1,759,6,-1,99999,-1,-1,-3,-1,1,24180
1162,722,1,771,8,-1,99999,-1,-1,-3,-1,1,24180
1163,722,1,794,7,-1,99999,-1,-1,-3,-1,1,24180
1164,724,1,743,8,-1,99999,-1,-1,-3,-1,1,24180
1165,725,1,762,8,-1,99999,-1,-1,-3,-1,1,24240
1166,725,1,804,6,-1,99999,-1,-1,-3,-1,1,24240
1167,726,1,785,8,-1,99999,-1,-1,-3,-1,1,24240
1168,726,1,778,6,-1,99999,-1,-1,-3,-1,1,24240
1169,726,1,809,10,-1,99999,-1,-1,-3,-1,1,24240
1170,726,1,760,4,-1,99999,-1,-1,-3,-1,1,24240
1171,726,1,794,9,-1,99999,-1,-1,-3,-1,1,24240
1172,727,1,817,7,-1,99999,-1,-1,-3,-1,1,24240
1173,727,1,757,6,-1,99999,-1,-1,-3,-1,1,24240
1174,728,1,782,9,-1,99999,-1,-1,-3,-1,1,24300
1175,728,1,740,9,-1,99999,-1,-1,-3,-1,1,24300
1176,729,1,822,11,-1,99999,-1,-1,-3,-1,1,24300
1177,730,1,754,9,-1,99999,-1,-1,-3,-1,1,24360
1178,731,1,794,2,-1,99999,-1,-1,-3,-1,1,24420
1179,731,1,823,5,-1,99999,-1,-1,-3,-1,1,24420
1180,731,1,754,7,-1,99999,-1,-1,-3,-1,1,24420
1181,732,1,766,8,-1,99999,-1,-1,-3,-1,1,24420
1182,732,1,738,3,-1,99999,-1,-1,-3,-1,1,24420
1183,732,1,770,2,-1,99999,-1,-1,-3,-1,1,24420
1184,733,1,808,8,-1,99999,-1,-1,-3,-1,1,24480
1185,735,1,785,5,-1,99999,-1,-1,-3,-1,1,24540
1186,735,1,808,6,-1,99999,-1,-1,-3,-1,1,24540
1187,735,1,744,8,-1,99999,-1,-1,-3,-1,1,24540
1188,736,1,805,4,-1,99999,-1,-1,-3,-1,1,24540
1189,737,1,762,4,-1,99999,-1,-1,-3,-1,1,24540
1190,738,1,758,2,-1,99999,-1,-1,-3,-1,1,24600
1191,740,1,818,7,-1,99999,-1,-1,-3,-1,1,24600
1192,741,1,782,10,-1,99999,-1,-1,-3,-1,1,24660
1193,741,1,749,5,-1,99999,-1,-1,-3,-1,1,24660
1194,741,1,821,6,-1,99999,-1,-1,-3,-1,1,24660
1195,741,1,772,7,-1,99999,-1,-1,-3,-1,1,24660
1196,741,1,822,6,-1,99999,-1,-1,-3,-1,1,24660
1197,742,1,764,8,-1,99999,-1,-1,-3,-1,1,24660
1198,742,1,754,11,-1,99999,-1,-1,-3,-1,1,24660
1199,742,1,788,6,-1,99999,-1,-1,-3,-1,1,24660
1200,742,1,777,2,-1,99999,-1,-1,-3,-1,1,24660
1201,742,1,775,6,-1,99999,-1,-1,-3,-1,1,24660
1202,742,1,794,4,-1,99999,-1,-1,-3,-1,1,24660
1203,744,1,799,8,-1,99999,-1,-1,-3,-1,1,24660
1204,745,1,742,3,-1,99999,-1,-1,-3,-1,1,24720
1205,745,1,771,6,-1,99999,-1,-1,-3,-1,1,24720
1206,745,1,800,6,-1,99999,-1,-1,-3,-1,1,24720
1207,746,1,782,11,-1,99999,-1,-1,-3,-1,1,24720
1208,746,1,814,8,-1,99999,-1,-1,-3,-1,1,24720
1209,747,1,754,8,-1,99999,-1,-1,-3,-1,1,24720
1210,748,1,806,9,-1,99999,-1,-1,-3,-1,1,24720
1211,749,1,814,6,-1,99999,-1,-1,-3,-1,1,24780
1212,749,1,782,1,-1,99999,-1,-1,-3,-1,1,24780
1213,749,1,771,5,-1,99999,-1,-1,-3,-1,1,24780
1214,749,1,784,8,-1,99999,-1,-1,-3,-1,1,24780
1215,750,1,762,3,-1,99999,-1,-1,-3,-1,1,24840
1216,750,1,814,7,-1,99999,-1,-1,-3,-1,1,24840
1217,750,1,757,9,-1,99999,-1,-1,-3,-1,1,24840
1218,751,1,742,11,-1,99999,-1,-1,-3,-1,1,24840
1219,751,1,762,5,-1,99999,-1,-1,-3,-1,1,24840
1220,752,1,797,9,-1,99999,-1,-1,-3,-1,1,24840
1221,753,1,739,3,-1,99999,-1,-1,-3,-1,1,24900
1222,754,1,741,7,-1,99999,-1,-1,-3,-1,1,24960
1223,755,1,741,3,-1,99999,-1,-1,-3,-1,1,24960
1224,755,1,764,9,-1,99999,-1,-1,-3,-1,1,24960
1225,755,1,760,5,-1,99999,-1,-1,-3,-1,1,24960
1226,755,1,772,8,-1,99999,-1,-1,-3,-1,1,24960
1227,755,1,822,5,-1,99999,-1,-1,-3,-1,1,24960
1228,757,1,736,12,-1,99999,-1,-1,-3,-1,1,25080
1229,757,1,814,7,-1,99999,-1,-1,-3,-1,1,25080
1230,758,1,795,6,-1,99999,-1,-1,-3,-1,1,25080
1231,758,1,786,10,-1,99999,-1,-1,-3,-1,1,25080
1232,758,1,740,8,-1,99999,-1,-1,-3,-1,1,25080
1233,759,1,762,3,-1,99999,-1,-1,-3,-1,1,25140
1234,759,1,767,5,-1,99999,-1,-1,-3,-1,1,25140
1235,759,1,768,5,-1,99999,-1,-1,-3,-1,1,25140
1236,760,1,764,6,-1,99999,-1,-1,-3,-1,1,25140
1237,762,1,739,8,-1,99999,-1,-1,-3,-1,1,25140
1238,763,1,769,8,-1,99999,-1,-1,-3,-1,1,25260
1239,764,1,816,6,-1,99999,-1,-1,-3,-1,1,25260
1240,764,1,772,12,-1,99999,-1,-1,-3,-1,1,25260
1241,765,1,785,9,-1,99999,-1,-1,-3,-1,1,25320
1242,767,1,809,5,-1,99999,-1,-1,-3,-1,1,25380
1243,767,1,799,7,-1,99999,-1,-1,-3,-1,1,25380
1244,768,1,762,2,-1,99999,-1,-1,-3,-1,1,25440
1245,768,1,744,8,-1,99999,-1,-1,-3,-1,1,25440
1246,769,1,816,2,-1,99999,-1,-1,-3,-1,1,25440
1247,772,1,771,8,-1,99999,-1,-1,-3,-1,1,25560
1248,772,1,818,3,-1,99999,-1,-1,-3,-1,1,25560
1249,773,1,811,7,-1,99999,-1,-1,-3,-1,1,25560
1250,773,1,806,9,-1,99999,-1,-1,-3,-1,1,25560
1251,773,1,762,11,-1,99999,-1,-1,-3,-1,1,25560
1252,774,1,812,7,-1,99999,-1,-1,-3,-1,1,25620
1253,776,1,740,5,-1,99999,-1,-1,-3,-1,1,25740
1254,776,1,764,12,-1,99999,-1,-1,-3,-1,1,25740
1255,776,1,769,5,-1,99999,-1,-1,-3,-1,1,25740
1256,776,1,782,6,-1,99999,-1,-1,-3,-1,1,25740
1257,777,1,769,5,-1,99999,-1,-1,-3,-1,1,25800
1258,777,1,799,4,-1,99999,-1,-1,-3,-1,1,25800
1259,777,1,778,3,-1,99999,-1,-1,-3,-1,1,25800
1260,777,1,762,8,-1,99999,-1,-1,-3,-1,1,25800
1261,778,1,767,8,-1,99999,-1,-1,-3,-1,1,25860
1262,778,1,802,2,-1,99999,-1,-1,-3,-1,1,25860
1263,779,1,805,7,-1,99999,-1,-1,-3,-1,1,25920
1264,781,1,738,9,-1,99999,-1,-1,-3,-1,1,25980
1265,781,1,760,5,-1,99999,-1,-1,-3,-1,1,25980
1266,781,1,743,7,-1,99999,-1,-1,-3,-1,1,25980
1267,781,1,770,4,-1,99999,-1,-1,-3,-1,1,25980
1268,782,1,777,10,-1,99999,-1,-1,-3,-1,1,26040
1269,782,1,737,5,-1,99999,-1,-1,-3,-1,1,26040
1270,783,1,787,6,-1,99999,-1,-1,-3,-1,1,26040
1271,783,1,798,6,-1,99999,-1,-1,-3,-1,1,26040
1272,783,1,817,6,-1,99999,-1,-1,-3,-1,1,26040
1273,784,1,770,7,-1,99999,-1,-1,-3,-1,1,26040
1274,785,1,753,8,-1,99999,-1,-1,-3,-1,1,26040
1275,786,1,772,10,-1,99999,-1,-1,-3,-1,1,26100
1276,786,1,749,3,-1,99999,-1,-1,-3,-1,1,26100
1277,786,1,770,6,-1,99999,-1,-1,-3,-1,1,26100
1278,789,1,785,2,-1,99999,-1,-1,-3,-1,1,26280
1279,789,1,768,12,-1,99999,-1,-1,-3,-1,1,26280
1280,789,1,744,1,-1,99999,-1,-1,-3,-1,1,26280
1281,789,1,752,4,-1,99999,-1,-1,-3,-1,1,26280
1282,789,1,736,3,-1,99999,-1,-1,-3,-1,1,26280
1283,790,1,790,2,-1,99999,-1,-1,-3,-1,1,26280
1284,790,1,764,2,-1,99999,-1,-1,-3,-1,1,26280
1285,791,1,798,8,-1,99999,-1,-1,-3,-1,1,26280
1286,791,1,768,7,-1,99999,-1,-1,-3,-1,1,26280
1287,791,1,762,4,-1,99999,-1,-1,-3,-1,1,26280
1288,792,1,785,4,-1,99999,-1,-1,-3,-1,1,26280
1289,792,1,752,1,-1,99999,-1,-1,-3,-1,1,26280
